Waypoint_Id,Waypoint_D,Waypoint_T,Dates,DayOfWeek,X,Y,Category,Block_Numb
3,12/03/2022,8:09:30 am,12/03/2022 08:09,Saturday,30.508975,0.826218333,Tree Products,N13
6,01/02/2022,6:33:42 am,01/02/2022 06:33,Tuesday,30.47034333,0.851641667,Tree Products,N3
16,13/12/2021,7:43:28 am,13/12/2021 07:43,Monday,30.47249167,0.831228333,Tree Products,N6
3,17/01/2022,12:21:29 pm,17/01/2022 12:21,Monday,30.46625833,0.75915,Tree Products,S9
2,10/02/2022,6:39:50 am,10/02/2022 06:39,Thursday,30.46787667,0.84883,Encroachment,N3
3,13/04/2022,7:39:30 am,13/04/2022 07:39,Wednesday,30.47675667,0.855068333,NTFPs,N3
4,29/10/2021,9:55:53 am,29/10/2021 09:55,Friday,30.47648167,0.824985,Tree Products,N11
2,29/11/2021,6:19:32 am,29/11/2021 06:19,Monday,30.47491833,0.85061,Tree Products,N3
4,16/11/2022,11:44:23 am,16/11/2022 11:44,Wednesday,30.43733333,0.809443333,Tree Products,N15
9,25/11/2021,7:32:24 am,25/11/2021 07:32,Thursday,30.47065167,0.85533,Tree Products,N3
3,08/11/2021,8:11:23 am,08/11/2021 08:11,Monday,30.49305667,0.752283333,Tree Products,S15
3,29/10/2022,2:46:55 pm,29/10/2022 14:46,Saturday,30.451785,0.839631667,Tree Products,N5
16,20/12/2021,8:28:27 am,20/12/2021 08:28,Monday,30.51014,0.8326,Tree Products,N8
4,01/02/2022,8:11:21 am,01/02/2022 08:11,Tuesday,30.47553,0.815331667,Tree Products,N11
8,25/11/2021,8:54:45 am,25/11/2021 08:54,Thursday,30.4822,0.835515,Tree Products,N6
6,20/02/2022,7:56:37 am,20/02/2022 07:56,Sunday,30.50630667,0.78176,Tree Products,S6
8,28/01/2022,5:44:24 am,28/01/2022 05:44,Friday,30.464525,0.82737,Tree Products,N10
3,16/02/2022,9:41:40 am,16/02/2022 09:41,Wednesday,30.43361667,0.769316667,Tree Products,S8
2,28/01/2022,6:30:05 am,28/01/2022 06:30,Friday,30.47311833,0.842518333,Tree Products,N6
5,02/08/2022,11:54:50 am,02/08/2022 11:54,Tuesday,30.43720833,0.824843333,Tree Products,N9
2,02/03/2022,6:37:04 am,02/03/2022 06:37,Wednesday,30.47681,0.855126667,NTFPs,N3
2,01/02/2022,8:44:02 am,01/02/2022 08:44,Tuesday,30.42769167,0.773451667,Tree Products,S7
3,16/11/2022,1:11:50 pm,16/11/2022 13:11,Wednesday,30.51133833,0.799488333,Tree Products,N19
6,16/02/2022,8:20:53 am,16/02/2022 08:20,Wednesday,30.479095,0.85957,Tree Products,N3
3,31/08/2022,3:14:15 pm,31/08/2022 15:14,Wednesday,30.4797,0.751831667,Tree Products,S14
8,31/10/2021,11:24:39 am,31/10/2021 11:24,Sunday,30.44649167,0.765331667,Tree Products,S8
8,22/01/2022,8:16:07 am,22/01/2022 08:16,Saturday,30.46493667,0.828175,Tree Products,N10
3,21/02/2022,10:16:48 am,21/02/2022 10:16,Monday,30.47184833,0.82708,Tree Products,N11
5,01/03/2022,11:11:13 am,01/03/2022 11:11,Tuesday,30.42530167,0.779753333,Tree Products,S1
3,24/12/2022,9:51:45 am,24/12/2022 09:51,Saturday,30.42911,0.771153333,Tree Products,S7
11,15/12/2021,8:04:09 am,15/12/2021 08:04,Wednesday,30.47052167,0.825188333,Tree Products,N11
19,31/10/2021,12:27:07 pm,31/10/2021 12:27,Sunday,30.44774667,0.763768333,Tree Products,S8
12,17/11/2021,9:26:25 am,17/11/2021 09:26,Wednesday,30.46855833,0.773961667,Tree Products,S10
13,08/11/2021,9:38:52 am,08/11/2021 09:38,Monday,30.49212333,0.757218333,Tree Products,S11
4,06/04/2022,6:59:57 am,06/04/2022 06:59,Wednesday,30.46708167,0.844836667,Tree Products,N5
15,05/12/2021,7:07:30 am,05/12/2021 07:07,Sunday,30.47759833,0.85042,Encroachment,N3
4,10/09/2022,4:11:37 pm,10/09/2022 16:11,Saturday,30.43023833,0.781858333,Tree Products,S1
2,29/10/2021,8:51:05 am,29/10/2021 08:51,Friday,30.43992833,0.766803333,Tree Products,S8
9,09/11/2021,9:56:49 am,09/11/2021 09:56,Tuesday,30.428305,0.771385,Tree Products,S7
5,29/12/2021,9:30:37 am,29/12/2021 09:30,Wednesday,30.47810333,0.761395,Tree Products,S10
2,16/11/2021,7:23:23 am,16/11/2021 07:23,Tuesday,30.459705,0.832118333,Tree Products,N5
5,21/01/2022,7:30:56 am,21/01/2022 07:30,Friday,30.46322,0.816755,Tree Products,N10
2,03/11/2021,12:49:11 pm,03/11/2021 12:49,Wednesday,30.46575333,0.75692,Tree Products,S13
10,10/02/2022,9:34:42 am,10/02/2022 09:34,Thursday,30.47465667,0.830963333,Tree Products,N6
15,03/01/2022,7:55:48 am,03/01/2022 07:55,Monday,30.474405,0.851728333,Tree Products,N3
13,02/02/2022,8:57:00 am,02/02/2022 08:57,Wednesday,30.47862333,0.86048,Tree Products,N3
35,31/01/2022,11:54:41 am,31/01/2022 11:54,Monday,30.46898167,0.819356667,Tree Products,N11
18,27/12/2021,8:56:57 am,27/12/2021 08:56,Monday,30.47098167,0.855048333,Tree Products,N3
4,07/01/2022,10:43:59 am,07/01/2022 10:43,Friday,30.45649,0.77288,Tree Products,S9
13,28/11/2021,7:14:06 am,28/11/2021 07:14,Sunday,30.47091333,0.844696667,Tree Products,N6
4,18/03/2022,5:29:25 am,18/03/2022 05:29,Friday,30.46333667,0.761358333,Tree Products,S9
7,25/11/2021,7:19:55 am,25/11/2021 07:19,Thursday,30.47306167,0.855353333,Tree Products,N3
8,07/12/2021,8:56:24 am,07/12/2021 08:56,Tuesday,30.480285,0.859126667,Encroachment,N3
5,15/11/2021,8:48:13 am,15/11/2021 08:48,Monday,30.47634167,0.858995,Tree Products,N3
7,07/11/2021,9:55:05 am,07/11/2021 09:55,Sunday,30.463205,0.761206667,Tree Products,S9
10,26/12/2021,7:40:08 am,26/12/2021 07:40,Sunday,30.47158833,0.842983333,Tree Products,N6
6,17/01/2022,12:25:44 pm,17/01/2022 12:25,Monday,30.46682667,0.759101667,Tree Products,S9
5,02/11/2021,8:35:49 am,02/11/2021 08:35,Tuesday,30.45123167,0.763355,Tree Products,S9
4,24/11/2022,12:13:40 pm,24/11/2022 12:13,Thursday,30.44748333,0.766988333,Tree Products,S8
18,20/02/2022,11:22:15 am,20/02/2022 11:22,Sunday,30.50594833,0.773271667,Tree Products,S12
9,10/04/2022,8:30:18 am,10/04/2022 08:30,Sunday,30.50718833,0.771296667,Tree Products,S12
2,20/01/2022,12:47:33 pm,20/01/2022 12:47,Thursday,30.508365,0.829966667,Tree Products,N8
4,05/03/2022,10:42:10 am,05/03/2022 10:42,Saturday,30.51046,0.832876667,Tree Products,N8
4,02/08/2022,11:45:09 am,02/08/2022 11:45,Tuesday,30.43719833,0.824493333,Tree Products,N9
11,20/02/2022,9:31:10 am,20/02/2022 09:31,Sunday,30.50632,0.777108333,Tree Products,S6
3,05/05/2022,8:29:41 am,05/05/2022 08:29,Thursday,30.47054,0.819673333,Tree Products,N11
3,17/08/2022,11:47:39 am,17/08/2022 11:47,Wednesday,30.45250333,0.836418333,Encroachment,N5
5,02/04/2022,7:29:39 am,02/04/2022 07:29,Saturday,30.51539167,0.82712,Tree Products,N13
10,12/12/2021,9:04:40 am,12/12/2021 09:04,Sunday,30.51181,0.831153333,Tree Products,N8
10,19/12/2021,7:59:13 am,19/12/2021 07:59,Sunday,30.50914833,0.831713333,Tree Products,N8
6,20/11/2021,7:41:55 am,20/11/2021 07:41,Saturday,30.47066833,0.854965,Tree Products,N3
13,29/12/2021,8:44:45 am,29/12/2021 08:44,Wednesday,30.48231333,0.851938333,Encroachment,N3
4,03/08/2022,10:14:43 am,03/08/2022 10:14,Wednesday,30.459225,0.825405,Tree Products,N10
6,25/11/2021,8:19:39 am,25/11/2021 08:19,Thursday,30.48798833,0.835638333,Tree Products,N7
2,03/11/2021,12:49:11 pm,03/11/2021 12:49,Wednesday,30.46575333,0.75692,Tree Products,S13
2,12/11/2021,9:23:29 am,12/11/2021 09:23,Friday,30.45138667,0.763003333,Tree Products,S9
4,18/10/2022,2:10:35 pm,18/10/2022 14:10,Tuesday,30.47972667,0.762056667,Tree Products,S10
5,27/11/2021,6:23:47 am,27/11/2021 06:23,Saturday,30.44288333,0.78658,Tree Products,S2
5,21/01/2022,7:30:56 am,21/01/2022 07:30,Friday,30.46322,0.816755,Tree Products,N10
4,28/01/2022,5:33:12 am,28/01/2022 05:33,Friday,30.465045,0.829211667,Tree Products,N10
2,10/11/2021,8:11:28 am,10/11/2021 08:11,Wednesday,30.46425667,0.76105,Tree Products,S9
3,31/08/2022,3:14:15 pm,31/08/2022 15:14,Wednesday,30.4797,0.751831667,Tree Products,S14
9,05/12/2021,6:47:10 am,05/12/2021 06:47,Sunday,30.48082167,0.854216667,Tree Products,N3
5,26/06/2023,9:27:04 am,26/06/2023 09:27,Monday,30.451845,0.840511667,Tree Products,N5
3,03/01/2022,6:12:53 am,03/01/2022 06:12,Monday,30.47074333,0.855246667,Tree Products,N3
4,17/02/2022,8:26:58 am,17/02/2022 08:26,Thursday,30.460155,0.841093333,Tree Products,N5
6,07/12/2021,8:45:07 am,07/12/2021 08:45,Tuesday,30.47787167,0.858061667,Tree Products,N3
7,01/02/2022,9:46:43 am,01/02/2022 09:46,Tuesday,30.47514167,0.815798333,Tree Products,N11
2,13/11/2021,6:43:33 am,13/11/2021 06:43,Saturday,30.43200833,0.77053,Tree Products,S8
5,20/01/2022,8:41:26 am,20/01/2022 08:41,Thursday,30.46397833,0.76038,Tree Products,S9
2,28/02/2022,9:18:46 am,28/02/2022 09:18,Monday,30.43787833,0.76744,Tree Products,S8
3,10/02/2022,7:28:20 am,10/02/2022 07:28,Thursday,30.46832,0.822911667,Tree Products,N11
2,03/02/2022,9:57:19 am,03/02/2022 09:57,Thursday,30.459975,0.832213333,Tree Products,N5
2,03/11/2021,12:49:11 pm,03/11/2021 12:49,Wednesday,30.46575333,0.75692,Tree Products,S13
3,03/08/2022,2:58:34 pm,03/08/2022 14:58,Wednesday,30.42885667,0.771226667,Tree Products,S7
2,17/02/2022,8:54:40 am,17/02/2022 08:54,Thursday,30.46447333,0.81759,Tree Products,N10
3,22/01/2022,9:34:22 am,22/01/2022 09:34,Saturday,30.47085167,0.830001667,Tree Products,N6
5,05/05/2022,9:32:25 am,05/05/2022 09:32,Thursday,30.46355667,0.80661,Tree Products,N16
9,28/01/2022,12:09:57 pm,28/01/2022 12:09,Friday,30.42833167,0.7797,Tree Products,S1
31,17/11/2021,9:55:17 am,17/11/2021 09:55,Wednesday,30.47002,0.776146667,Tree Products,S4
4,04/11/2021,11:43:50 am,04/11/2021 11:43,Thursday,30.49419833,0.752561667,Tree Products,S15
8,24/01/2022,7:49:32 am,24/01/2022 07:49,Monday,30.45869,0.84697,Encroachment,N5
4,03/02/2022,9:50:37 am,03/02/2022 09:50,Thursday,30.50997833,0.77744,Tree Products,S6
12,03/01/2022,7:33:35 am,03/01/2022 07:33,Monday,30.473645,0.846371667,Tree Products,N6
9,17/11/2021,8:24:33 am,17/11/2021 08:24,Wednesday,30.45678,0.824028333,Tree Products,N10
10,10/04/2022,8:36:43 am,10/04/2022 08:36,Sunday,30.50732833,0.771095,Tree Products,S12
10,08/11/2021,8:51:44 am,08/11/2021 08:51,Monday,30.488235,0.757173333,Tree Products,S11
4,20/10/2022,10:22:38 am,20/10/2022 10:22,Thursday,30.430315,0.771433333,Tree Products,S7
6,10/11/2021,8:22:08 am,10/11/2021 08:22,Wednesday,30.48582,0.834543333,Encroachment,N7
3,15/08/2022,10:23:41 am,15/08/2022 10:23,Monday,30.42925333,0.777208333,Tree Products,S1
2,14/03/2022,5:36:41 am,14/03/2022 05:36,Monday,30.47583167,0.856495,Tree Products,N3
4,20/12/2021,6:37:37 am,20/12/2021 06:37,Monday,30.478775,0.858356667,Tree Products,N3
2,10/02/2022,6:39:50 am,10/02/2022 06:39,Thursday,30.46787667,0.84883,Tree Products,N3
13,07/11/2021,11:23:50 am,07/11/2021 11:23,Sunday,30.46459,0.760656667,Tree Products,S9
2,24/01/2022,6:16:39 am,24/01/2022 06:16,Monday,30.46610167,0.848281667,Tree Products,N2
16,27/12/2021,8:38:36 am,27/12/2021 08:38,Monday,30.46755167,0.851971667,Tree Products,N3
3,03/02/2022,6:28:48 am,03/02/2022 06:28,Thursday,30.46990833,0.845293333,Tree Products,N6
10,26/01/2022,8:45:46 am,26/01/2022 08:45,Wednesday,30.48158,0.839765,Tree Products,N6
13,20/12/2021,8:11:12 am,20/12/2021 08:11,Monday,30.51025,0.833945,Tree Products,N8
2,08/11/2021,8:04:33 am,08/11/2021 08:04,Monday,30.49306667,0.751976667,Tree Products,S15
3,07/12/2022,10:14:51 am,07/12/2022 10:14,Wednesday,30.436385,0.779846667,Tree Products,S2
4,18/01/2022,11:09:45 am,18/01/2022 11:09,Tuesday,30.42584667,0.784376667,Tree Products,S1
18,28/01/2022,6:38:26 am,28/01/2022 06:38,Friday,30.46899833,0.820843333,Tree Products,N11
22,14/12/2021,8:08:34 am,14/12/2021 08:08,Tuesday,30.47382,0.835046667,Tree Products,N6
3,08/09/2022,12:12:50 pm,08/09/2022 12:12,Thursday,30.430205,0.781865,Tree Products,S1
14,27/12/2021,8:18:38 am,27/12/2021 08:18,Monday,30.46787167,0.848541667,Tree Products,N3
4,20/02/2022,7:47:01 am,20/02/2022 07:47,Sunday,30.507105,0.781353333,Tree Products,S6
23,15/12/2021,9:42:08 am,15/12/2021 09:42,Wednesday,30.46941,0.820383333,Tree Products,N11
2,30/11/2021,8:47:07 am,30/11/2021 08:47,Tuesday,30.439455,0.809846667,Tree Products,N15
7,15/11/2021,9:59:58 am,15/11/2021 09:59,Monday,30.440245,0.773796667,Tree Products,S8
4,05/01/2022,6:43:32 am,05/01/2022 06:43,Wednesday,30.47762667,0.85813,Tree Products,N3
12,05/12/2021,6:54:40 am,05/12/2021 06:54,Sunday,30.47891833,0.853115,Tree Products,N3
6,25/02/2022,9:31:01 am,25/02/2022 09:31,Friday,30.48026167,0.858985,Encroachment,N3
33,31/01/2022,11:19:21 am,31/01/2022 11:19,Monday,30.46678333,0.820915,Tree Products,N10
4,20/11/2021,7:26:51 am,20/11/2021 07:26,Saturday,30.472715,0.855525,Tree Products,N3
4,10/08/2022,11:26:32 am,10/08/2022 11:26,Wednesday,30.46971333,0.851105,Tree Products,N3
4,28/01/2022,9:21:13 am,28/01/2022 09:21,Friday,30.44792167,0.814736667,Tree Products,N9
6,10/02/2022,8:46:07 am,10/02/2022 08:46,Thursday,30.47349833,0.827565,Tree Products,N11
4,04/11/2021,11:43:50 am,04/11/2021 11:43,Thursday,30.49419833,0.752561667,Tree Products,S15
3,15/11/2022,10:51:08 am,15/11/2022 10:51,Tuesday,30.47504833,0.852761667,Tree Products,N3
2,03/11/2021,12:49:11 pm,03/11/2021 12:49,Wednesday,30.46575333,0.75692,Tree Products,S13
4,15/11/2021,9:29:22 am,15/11/2021 09:29,Monday,30.435555,0.773238333,Tree Products,S8
2,02/04/2022,6:55:25 am,02/04/2022 06:55,Saturday,30.51337167,0.834993333,Encroachment,N8
8,11/01/2023,9:12:16 am,11/01/2023 09:12,Wednesday,30.46510333,0.847416667,Tree Products,N2
5,16/11/2021,7:54:42 am,16/11/2021 07:54,Tuesday,30.46365833,0.764645,Tree Products,S9
19,15/12/2021,9:30:22 am,15/12/2021 09:30,Wednesday,30.47167,0.819806667,Tree Products,N11
9,02/11/2021,9:09:19 am,02/11/2021 09:09,Tuesday,30.455125,0.76136,Tree Products,S9
6,11/01/2023,9:08:28 am,11/01/2023 09:08,Wednesday,30.46520667,0.84763,Tree Products,N2
5,03/02/2022,6:36:16 am,03/02/2022 06:36,Thursday,30.47009333,0.844278333,Tree Products,N6
2,11/12/2021,5:02:28 am,11/12/2021 05:02,Saturday,30.48087167,0.86076,Encroachment,N3
5,07/09/2022,11:57:58 am,07/09/2022 11:57,Wednesday,30.50678833,0.777816667,Tree Products,S6
13,31/01/2022,8:33:15 am,31/01/2022 08:33,Monday,30.45537,0.82765,Tree Products,N10
16,21/12/2021,9:10:08 am,21/12/2021 09:10,Tuesday,30.47578833,0.854036667,Tree Products,N3
3,21/11/2022,10:24:54 am,21/11/2022 10:24,Monday,30.46696167,0.844236667,NTFPs,N5
5,07/04/2023,10:51:50 am,07/04/2023 10:51,Friday,30.45275333,0.82311,Encroachment,N10
6,17/01/2022,12:25:44 pm,17/01/2022 12:25,Monday,30.46682667,0.759101667,Tree Products,S9
9,10/02/2022,9:23:57 am,10/02/2022 09:23,Thursday,30.471115,0.811881667,Tree Products,N11
4,02/08/2022,11:44:38 am,02/08/2022 11:44,Tuesday,30.43711667,0.824501667,Tree Products,N9
3,27/12/2022,4:09:43 pm,27/12/2022 16:09,Tuesday,30.44959667,0.768598333,Tree Products,S9
9,02/12/2021,7:12:25 am,02/12/2021 07:12,Thursday,30.47400667,0.84743,Tree Products,N3
18,29/10/2021,10:38:24 am,29/10/2021 10:38,Friday,30.42865833,0.771716667,Tree Products,S7
2,30/03/2023,9:49:55 am,30/03/2023 09:49,Thursday,30.45502667,0.817763333,Tree Products,N10
6,11/08/2022,10:39:49 am,11/08/2022 10:39,Thursday,30.513175,0.833221667,Tree Products,N8
9,29/10/2021,9:33:18 am,29/10/2021 09:33,Friday,30.43644833,0.76838,Tree Products,S8
12,27/12/2021,8:04:04 am,27/12/2021 08:04,Monday,30.47045833,0.843855,Tree Products,N6
2,14/01/2022,9:09:54 am,14/01/2022 09:09,Friday,30.42446167,0.78807,Tree Products,S1
22,06/12/2021,8:38:51 am,06/12/2021 08:38,Monday,30.46847667,0.845673333,NTFPs,N6
9,14/12/2021,7:51:34 am,14/12/2021 07:51,Tuesday,30.47208333,0.826033333,Tree Products,N11
15,12/12/2021,9:20:59 am,12/12/2021 09:20,Sunday,30.51140667,0.83411,Tree Products,N8
14,21/12/2021,8:38:54 am,21/12/2021 08:38,Tuesday,30.47828,0.8528,Encroachment,N3
17,17/11/2021,9:26:39 am,17/11/2021 09:26,Wednesday,30.45395167,0.825651667,Tree Products,N10
4,02/12/2022,12:07:56 pm,02/12/2022 12:07,Friday,30.46598833,0.845186667,Tree Products,N5
3,05/08/2022,9:35:40 am,05/08/2022 09:35,Friday,30.437695,0.77004,Tree Products,S8
10,15/11/2021,10:35:05 am,15/11/2021 10:35,Monday,30.44346667,0.775921667,Tree Products,S2
6,11/01/2023,9:08:28 am,11/01/2023 09:08,Wednesday,30.46520667,0.84763,Tree Products,N2
6,05/12/2021,6:15:22 am,05/12/2021 06:15,Sunday,30.481095,0.856696667,Tree Products,N3
3,27/05/2023,9:27:14 am,27/05/2023 09:27,Saturday,30.44758167,0.818926667,Tree Products,N9
2,29/11/2021,6:19:32 am,29/11/2021 06:19,Monday,30.47491833,0.85061,Encroachment,N3
17,15/12/2021,9:25:39 am,15/12/2021 09:25,Wednesday,30.47310167,0.81947,Tree Products,N11
4,12/01/2022,12:45:09 pm,12/01/2022 12:45,Wednesday,30.45628167,0.766408333,Tree Products,S9
24,31/01/2022,10:31:16 am,31/01/2022 10:31,Monday,30.46059167,0.824171667,Tree Products,N10
6,07/12/2021,8:45:07 am,07/12/2021 08:45,Tuesday,30.47787167,0.858061667,Encroachment,N3
4,07/11/2021,9:41:21 am,07/11/2021 09:41,Sunday,30.46293,0.760613333,Tree Products,S9
4,04/11/2021,11:43:50 am,04/11/2021 11:43,Thursday,30.49419833,0.752561667,Tree Products,S15
10,04/02/2022,9:16:13 am,04/02/2022 09:16,Friday,30.461515,0.767038333,Tree Products,S9
3,30/08/2022,10:22:53 am,30/08/2022 10:22,Tuesday,30.47356,0.835278333,Encroachment,N6
2,05/01/2022,6:36:39 am,05/01/2022 06:36,Wednesday,30.477915,0.855906667,Tree Products,N3
26,31/01/2022,10:56:37 am,31/01/2022 10:56,Monday,30.46392,0.8225,Tree Products,N10
3,04/08/2022,10:15:35 am,04/08/2022 10:15,Thursday,30.478465,0.754043333,Tree Products,S14
3,23/09/2022,9:19:43 am,23/09/2022 09:19,Friday,30.47045667,0.75455,Encroachment,S14
2,03/11/2021,12:49:11 pm,03/11/2021 12:49,Wednesday,30.46575333,0.75692,Tree Products,S13
3,07/11/2021,9:39:13 am,07/11/2021 09:39,Sunday,30.46291667,0.76034,Tree Products,S9
2,28/10/2021,1:43:33 pm,28/10/2021 13:43,Thursday,30.43431333,0.81713,Tree Products,N9
6,05/01/2022,6:51:32 am,05/01/2022 06:51,Wednesday,30.47840667,0.860003333,Tree Products,N3
6,29/11/2021,9:47:06 am,29/11/2021 09:47,Monday,30.471775,0.771191667,Tree Products,S10
4,17/02/2022,8:59:19 am,17/02/2022 08:59,Thursday,30.46410667,0.817531667,Tree Products,N10
16,28/01/2022,6:31:23 am,28/01/2022 06:31,Friday,30.46837833,0.822665,Tree Products,N11
8,30/01/2022,7:58:51 am,30/01/2022 07:58,Sunday,30.46005333,0.831958333,Tree Products,N5
3,24/11/2021,7:49:36 am,24/11/2021 07:49,Wednesday,30.48857667,0.839531667,Encroachment,N7
2,11/03/2022,6:34:19 am,11/03/2022 06:34,Friday,30.44815167,0.815006667,Tree Products,N9
3,10/04/2022,7:15:39 am,10/04/2022 07:15,Sunday,30.50902333,0.77702,Tree Products,S6
2,07/12/2021,8:45:41 am,07/12/2021 08:45,Tuesday,30.47009333,0.76466,Tree Products,S10
14,08/11/2021,10:27:07 am,08/11/2021 10:27,Monday,30.49739333,0.757041667,Tree Products,S15
4,13/09/2022,11:53:30 am,13/09/2022 11:53,Tuesday,30.43206,0.771855,Tree Products,S8
3,08/11/2021,8:11:23 am,08/11/2021 08:11,Monday,30.49305667,0.752283333,Tree Products,S15
4,05/08/2022,9:49:26 am,05/08/2022 09:49,Friday,30.43709333,0.76989,Tree Products,S8
4,26/08/2022,11:58:47 am,26/08/2022 11:58,Friday,30.46926333,0.846081667,NTFPs,N6
3,28/11/2021,6:05:42 am,28/11/2021 06:05,Sunday,30.48177333,0.854013333,Tree Products,N3
4,24/12/2022,10:06:14 am,24/12/2022 10:06,Saturday,30.42964833,0.771778333,Tree Products,S7
14,28/01/2022,6:14:19 am,28/01/2022 06:14,Friday,30.46718333,0.824408333,Tree Products,N10
4,29/11/2022,10:50:28 am,29/11/2022 10:50,Tuesday,30.42891167,0.77915,Tree Products,S1
8,11/03/2022,8:14:21 am,11/03/2022 08:14,Friday,30.44274333,0.82668,Encroachment,N9
9,13/11/2021,7:20:57 am,13/11/2021 07:20,Saturday,30.43823667,0.77273,Tree Products,S8
5,28/01/2022,8:36:45 am,28/01/2022 08:36,Friday,30.463675,0.80659,Tree Products,N16
6,20/10/2022,10:39:56 am,20/10/2022 10:39,Thursday,30.42859833,0.772,Tree Products,S7
2,03/11/2021,7:44:12 am,03/11/2021 07:44,Wednesday,30.46602667,0.846823333,Tree Products,N5
3,21/09/2022,12:24:09 pm,21/09/2022 12:24,Wednesday,30.46950167,0.851478333,Tree Products,N3
10,26/06/2023,10:36:00 am,26/06/2023 10:36,Monday,30.44984833,0.835475,Tree Products,N5
2,11/02/2022,10:05:34 am,11/02/2022 10:05,Friday,30.46179833,0.75829,Tree Products,S9
21,20/12/2021,8:57:54 am,20/12/2021 08:57,Monday,30.512665,0.832728333,Tree Products,N8
5,22/01/2022,8:06:18 am,22/01/2022 08:06,Saturday,30.46506333,0.827435,Tree Products,N10
18,17/11/2021,9:36:15 am,17/11/2021 09:36,Wednesday,30.46937833,0.773741667,Tree Products,S10
2,28/10/2021,1:41:15 pm,28/10/2021 13:41,Thursday,30.43448,0.817425,Tree Products,N9
23,28/01/2022,7:12:18 am,28/01/2022 07:12,Friday,30.473585,0.824243333,Tree Products,N11
3,27/01/2022,10:24:00 am,27/01/2022 10:24,Thursday,30.46742167,0.75758,Tree Products,S9
6,01/09/2022,10:55:10 am,01/09/2022 10:55,Thursday,30.44811333,0.831068333,Encroachment,N4
2,16/05/2022,9:06:42 am,16/05/2022 09:06,Monday,30.47615,0.846775,NTFPs,N6
6,28/01/2022,8:41:31 am,28/01/2022 08:41,Friday,30.46488667,0.806741667,Tree Products,N16
9,19/12/2021,7:54:15 am,19/12/2021 07:54,Sunday,30.50898833,0.830758333,Tree Products,N8
4,04/11/2021,11:43:50 am,04/11/2021 11:43,Thursday,30.49419833,0.752561667,Tree Products,S15
3,10/11/2021,7:05:10 am,10/11/2021 07:05,Wednesday,30.45924,0.847453333,Tree Products,N6
22,17/11/2021,9:41:06 am,17/11/2021 09:41,Wednesday,30.46996,0.773633333,Tree Products,S10
4,04/11/2021,11:43:50 am,04/11/2021 11:43,Thursday,30.49419833,0.752561667,Tree Products,S15
4,08/08/2022,12:19:33 pm,08/08/2022 12:19,Monday,30.46728333,0.765576667,Tree Products,S9
6,14/11/2021,7:32:52 am,14/11/2021 07:32,Sunday,30.50073667,0.75597,Tree Products,S15
11,25/11/2021,9:45:28 am,25/11/2021 09:45,Thursday,30.47381667,0.835311667,Tree Products,N6
5,26/06/2023,9:27:04 am,26/06/2023 09:27,Monday,30.451845,0.840511667,Tree Products,N5
19,31/10/2021,12:27:07 pm,31/10/2021 12:27,Sunday,30.44774667,0.763768333,Tree Products,S8
7,28/01/2022,10:00:21 am,28/01/2022 10:00,Friday,30.44839,0.817831667,Tree Products,N9
15,11/12/2021,7:17:33 am,11/12/2021 07:17,Saturday,30.468105,0.847705,Tree Products,N3
4,20/09/2022,4:52:01 pm,20/09/2022 16:52,Tuesday,30.43810667,0.769566667,Tree Products,S8
6,29/11/2021,9:47:06 am,29/11/2021 09:47,Monday,30.471775,0.771191667,Tree Products,S10
4,05/02/2022,7:07:55 am,05/02/2022 07:07,Saturday,30.46473333,0.817808333,Tree Products,N10
4,26/10/2022,4:27:46 pm,26/10/2022 16:27,Wednesday,30.422315,0.776116667,Tree Products,S1
3,23/11/2022,10:10:37 am,23/11/2022 10:10,Wednesday,30.44672167,0.836108333,Tree Products,N4
9,02/02/2022,8:39:42 am,02/02/2022 08:39,Wednesday,30.478695,0.859351667,Tree Products,N3
2,24/11/2021,7:11:29 am,24/11/2021 07:11,Wednesday,30.48338833,0.843115,Encroachment,N6
2,23/11/2021,6:22:53 am,23/11/2021 06:22,Tuesday,30.47290667,0.855145,Tree Products,N3
10,08/11/2021,8:51:44 am,08/11/2021 08:51,Monday,30.488235,0.757173333,Tree Products,S11
7,28/12/2021,7:23:39 am,28/12/2021 07:23,Tuesday,30.48150833,0.847723333,Tree Products,N3
20,17/11/2021,9:38:58 am,17/11/2021 09:38,Wednesday,30.469675,0.773488333,Tree Products,S10
6,17/02/2022,7:58:03 am,17/02/2022 07:58,Thursday,30.439695,0.773345,Tree Products,S8
5,29/10/2021,9:07:21 am,29/10/2021 09:07,Friday,30.4389,0.767028333,Tree Products,S8
3,02/08/2022,11:26:58 am,02/08/2022 11:26,Tuesday,30.436275,0.823998333,Tree Products,N9
2,07/01/2022,10:41:48 am,07/01/2022 10:41,Friday,30.45633333,0.77265,Tree Products,S9
5,03/08/2022,3:31:27 pm,03/08/2022 15:31,Wednesday,30.42873333,0.771515,Tree Products,S7
4,04/11/2021,11:43:50 am,04/11/2021 11:43,Thursday,30.49419833,0.752561667,Tree Products,S15
17,31/01/2022,9:34:48 am,31/01/2022 09:34,Monday,30.464205,0.818388333,Tree Products,N10
2,05/01/2022,6:36:39 am,05/01/2022 06:36,Wednesday,30.477915,0.855906667,Encroachment,N3
4,15/11/2021,9:29:22 am,15/11/2021 09:29,Monday,30.435555,0.773238333,Tree Products,S8
9,05/12/2021,6:47:10 am,05/12/2021 06:47,Sunday,30.48082167,0.854216667,Tree Products,N3
2,22/01/2022,6:19:25 am,22/01/2022 06:19,Saturday,30.44637167,0.836831667,Tree Products,N4
8,27/11/2021,6:50:12 am,27/11/2021 06:50,Saturday,30.44084667,0.785068333,Tree Products,S2
7,12/11/2021,9:46:29 am,12/11/2021 09:46,Friday,30.45174833,0.765148333,Tree Products,S9
15,20/02/2022,9:55:21 am,20/02/2022 09:55,Sunday,30.50159333,0.776128333,Tree Products,S5
3,26/10/2022,4:10:55 pm,26/10/2022 16:10,Wednesday,30.421915,0.77629,Tree Products,S1
14,02/12/2021,7:50:05 am,02/12/2021 07:50,Thursday,30.48139,0.847496667,Tree Products,N3
4,01/11/2021,9:18:34 am,01/11/2021 09:18,Monday,30.46946333,0.847498333,Tree Products,N3
5,28/12/2021,7:07:08 am,28/12/2021 07:07,Tuesday,30.48035833,0.846265,Tree Products,N6
4,03/05/2022,10:51:26 am,03/05/2022 10:51,Tuesday,30.48374167,0.862686667,NTFPs,N3
7,15/11/2021,9:59:58 am,15/11/2021 09:59,Monday,30.440245,0.773796667,Tree Products,S8
3,18/01/2023,10:43:53 am,18/01/2023 10:43,Wednesday,30.47081667,0.846381667,Tree Products,N6
11,17/11/2021,9:24:52 am,17/11/2021 09:24,Wednesday,30.46861667,0.774056667,Tree Products,S10
4,26/10/2022,4:29:30 pm,26/10/2022 16:29,Wednesday,30.42230833,0.776165,Tree Products,S1
2,28/09/2022,10:47:28 am,28/09/2022 10:47,Wednesday,30.511465,0.799663333,Tree Products,N19
4,02/04/2022,7:26:04 am,02/04/2022 07:26,Saturday,30.515635,0.827485,Tree Products,N13
3,02/03/2022,7:15:00 am,02/03/2022 07:15,Wednesday,30.47086667,0.855018333,Tree Products,N3
11,19/01/2022,8:47:13 am,19/01/2022 08:47,Wednesday,30.474585,0.852246667,Encroachment,N3
3,07/12/2021,9:46:00 am,07/12/2021 09:46,Tuesday,30.46807,0.759065,Tree Products,S10
12,05/12/2021,6:54:40 am,05/12/2021 06:54,Sunday,30.47891833,0.853115,Encroachment,N3
6,11/12/2021,5:34:29 am,11/12/2021 05:34,Saturday,30.47487333,0.851661667,Encroachment,N3
16,02/12/2021,7:56:46 am,02/12/2021 07:56,Thursday,30.48205333,0.84904,Tree Products,N3
5,19/01/2022,7:21:20 am,19/01/2022 07:21,Wednesday,30.46641667,0.848165,Tree Products,N2
7,12/01/2022,7:57:46 am,12/01/2022 07:57,Wednesday,30.47963167,0.850645,Encroachment,N3
3,29/10/2021,9:03:21 am,29/10/2021 09:03,Friday,30.439325,0.767115,Tree Products,S8
2,14/02/2022,2:26:17 pm,14/02/2022 14:26,Monday,30.47951667,0.858488333,NTFPs,N3
3,01/09/2022,10:08:35 am,01/09/2022 10:08,Thursday,30.49315833,0.83337,Tree Products,N7
3,13/02/2022,7:24:53 am,13/02/2022 07:24,Sunday,30.51285167,0.833681667,Tree Products,N8
5,14/11/2021,7:31:23 am,14/11/2021 07:31,Sunday,30.50072667,0.755918333,Tree Products,S15
12,13/12/2021,7:30:56 am,13/12/2021 07:30,Monday,30.46931333,0.830591667,Tree Products,N6
2,30/11/2021,8:47:07 am,30/11/2021 08:47,Tuesday,30.439455,0.809846667,Tree Products,N15
3,28/06/2023,11:21:57 am,28/06/2023 11:21,Wednesday,30.472495,0.852945,Tree Products,N3
4,29/12/2021,8:14:41 am,29/12/2021 08:14,Wednesday,30.48031167,0.753256667,Tree Products,S14
2,26/05/2022,8:42:18 am,26/05/2022 08:42,Thursday,30.47678833,0.855015,NTFPs,N3
2,20/11/2021,6:01:36 am,20/11/2021 06:01,Saturday,30.45130167,0.764681667,Tree Products,S9
4,02/08/2022,11:45:14 am,02/08/2022 11:45,Tuesday,30.43721833,0.824541667,Tree Products,N9
10,28/01/2022,6:01:35 am,28/01/2022 06:01,Friday,30.46603167,0.825271667,Tree Products,N10
5,05/11/2021,8:48:06 am,05/11/2021 08:48,Friday,30.46359333,0.757853333,Tree Products,S9
5,12/01/2022,7:31:33 am,12/01/2022 07:31,Wednesday,30.47918167,0.851496667,Encroachment,N3
3,02/08/2022,11:32:35 am,02/08/2022 11:32,Tuesday,30.43603,0.823893333,Tree Products,N9
16,02/11/2021,9:55:31 am,02/11/2021 09:55,Tuesday,30.46073333,0.75945,Tree Products,S9
3,01/11/2021,8:48:45 am,01/11/2021 08:48,Monday,30.47072333,0.844725,Tree Products,N6
6,16/02/2022,8:20:53 am,16/02/2022 08:20,Wednesday,30.479095,0.85957,NTFPs,N3
2,01/04/2022,7:20:29 am,01/04/2022 07:20,Friday,30.466485,0.831706667,Encroachment,N5
21,31/10/2021,12:32:50 pm,31/10/2021 12:32,Sunday,30.44811667,0.76439,Tree Products,S8
5,23/11/2021,9:02:19 am,23/11/2021 09:02,Tuesday,30.48790833,0.759288333,Tree Products,S11
7,28/01/2022,10:00:21 am,28/01/2022 10:00,Friday,30.44839,0.817831667,Tree Products,N9
13,15/12/2021,8:41:18 am,15/12/2021 08:41,Wednesday,30.47455667,0.821851667,Tree Products,N11
15,17/11/2021,8:47:50 am,17/11/2021 08:47,Wednesday,30.45879,0.822508333,Tree Products,N10
24,02/11/2021,10:12:30 am,02/11/2021 10:12,Tuesday,30.46141333,0.760521667,Tree Products,S9
3,20/10/2022,9:41:04 am,20/10/2022 09:41,Thursday,30.43655,0.768103333,Tree Products,S8
6,28/01/2022,5:38:56 am,28/01/2022 05:38,Friday,30.464665,0.828078333,Tree Products,N10
4,23/02/2022,9:05:48 am,23/02/2022 09:05,Wednesday,30.451525,0.813335,Tree Products,N10
2,28/10/2021,1:41:35 pm,28/10/2021 13:41,Thursday,30.43391333,0.817085,Tree Products,N9
2,26/04/2022,6:43:36 am,26/04/2022 06:43,Tuesday,30.46814,0.848151667,Tree Products,N3
3,10/11/2021,7:05:10 am,10/11/2021 07:05,Wednesday,30.45924,0.847453333,Tree Products,N2
6,26/01/2022,8:11:34 am,26/01/2022 08:11,Wednesday,30.473855,0.83516,Tree Products,N6
3,16/11/2021,7:48:47 am,16/11/2021 07:48,Tuesday,30.464165,0.764298333,Tree Products,S9
4,03/02/2022,10:05:33 am,03/02/2022 10:05,Thursday,30.46019,0.832121667,Tree Products,N5
3,02/11/2021,8:28:24 am,02/11/2021 08:28,Tuesday,30.45139,0.762831667,Tree Products,S9
3,01/07/2023,1:20:55 pm,01/07/2023 13:20,Saturday,30.44807167,0.836936667,Encroachment,N4
2,20/12/2021,6:23:45 am,20/12/2021 06:23,Monday,30.481165,0.861203333,Encroachment,N3
3,08/09/2022,12:12:50 pm,08/09/2022 12:12,Thursday,30.430205,0.781865,Tree Products,S1
3,12/01/2023,11:34:18 am,12/01/2023 11:34,Thursday,30.44655,0.778665,Tree Products,S2
4,11/03/2022,7:13:00 am,11/03/2022 07:13,Friday,30.44841667,0.818001667,Tree Products,N9
6,21/02/2022,11:31:12 am,21/02/2022 11:31,Monday,30.46868333,0.819453333,Tree Products,N11
4,08/11/2022,9:44:33 am,08/11/2022 09:44,Tuesday,30.43915,0.825653333,Tree Products,N9
9,10/02/2022,9:23:57 am,10/02/2022 09:23,Thursday,30.471115,0.811881667,Tree Products,N11
11,17/11/2021,8:34:30 am,17/11/2021 08:34,Wednesday,30.457635,0.823536667,Tree Products,N10
9,25/11/2021,7:32:24 am,25/11/2021 07:32,Thursday,30.47065167,0.85533,Tree Products,N3
20,20/02/2022,11:35:03 am,20/02/2022 11:35,Sunday,30.506085,0.771688333,Tree Products,S12
2,25/11/2021,6:51:34 am,25/11/2021 06:51,Thursday,30.47714167,0.858328333,Encroachment,N3
6,25/11/2021,8:19:39 am,25/11/2021 08:19,Thursday,30.48798833,0.835638333,Tree Products,N7
3,03/01/2022,6:12:53 am,03/01/2022 06:12,Monday,30.47074333,0.855246667,Tree Products,N3
4,24/12/2022,10:06:14 am,24/12/2022 10:06,Saturday,30.42964833,0.771778333,Tree Products,S7
7,27/01/2022,11:55:41 am,27/01/2022 11:55,Thursday,30.46021,0.765425,Tree Products,S9
2,05/02/2022,6:59:23 am,05/02/2022 06:59,Saturday,30.464785,0.818105,Tree Products,N10
12,07/11/2021,11:21:28 am,07/11/2021 11:21,Sunday,30.46454,0.76086,Tree Products,S9
4,11/03/2022,7:13:00 am,11/03/2022 07:13,Friday,30.44841667,0.818001667,Tree Products,N9
2,23/10/2022,10:57:43 am,23/10/2022 10:57,Sunday,30.424385,0.781845,Tree Products,S1
2,17/02/2022,8:54:40 am,17/02/2022 08:54,Thursday,30.46447333,0.81759,Tree Products,N10
8,22/01/2022,8:16:07 am,22/01/2022 08:16,Saturday,30.46493667,0.828175,Tree Products,N10
2,09/11/2021,7:31:34 am,09/11/2021 07:31,Tuesday,30.48763833,0.840655,Tree Products,N7
2,03/11/2021,7:44:12 am,03/11/2021 07:44,Wednesday,30.46602667,0.846823333,Tree Products,N5
11,31/01/2022,8:05:12 am,31/01/2022 08:05,Monday,30.45968167,0.832238333,Tree Products,N5
3,10/08/2022,3:35:55 pm,10/08/2022 15:35,Wednesday,30.44128833,0.781168333,Tree Products,S2
6,05/12/2021,6:15:22 am,05/12/2021 06:15,Sunday,30.481095,0.856696667,Tree Products,N3
2,14/12/2021,6:15:09 am,14/12/2021 06:15,Tuesday,30.465925,0.847551667,NTFPs,N2
11,27/11/2021,7:38:54 am,27/11/2021 07:38,Saturday,30.4386,0.78115,Tree Products,S2
31,31/01/2022,11:15:31 am,31/01/2022 11:15,Monday,30.46672833,0.82085,Tree Products,N10
2,01/02/2022,6:08:59 am,01/02/2022 06:08,Tuesday,30.46969333,0.854393333,Tree Products,N3
10,20/02/2022,8:30:34 am,20/02/2022 08:30,Sunday,30.50706667,0.781403333,Tree Products,S6
3,21/11/2022,11:15:17 am,21/11/2022 11:15,Monday,30.49109833,0.759433333,Tree Products,S11
2,28/12/2021,11:35:50 am,28/12/2021 11:35,Tuesday,30.46225,0.767068333,Tree Products,S9
11,25/11/2021,9:45:28 am,25/11/2021 09:45,Thursday,30.47381667,0.835311667,Tree Products,N6
13,11/12/2021,6:22:07 am,11/12/2021 06:22,Saturday,30.47157667,0.843018333,Tree Products,N6
2,06/12/2021,6:36:25 am,06/12/2021 06:36,Monday,30.47569833,0.85743,Encroachment,N3
10,13/12/2021,7:15:01 am,13/12/2021 07:15,Monday,30.46785333,0.830916667,Tree Products,N6
9,12/12/2021,8:53:25 am,12/12/2021 08:53,Sunday,30.513435,0.831533333,Tree Products,N8
18,06/12/2021,8:07:39 am,06/12/2021 08:07,Monday,30.47148167,0.842815,Tree Products,N6
8,19/12/2021,7:44:24 am,19/12/2021 07:44,Sunday,30.50925833,0.828656667,Tree Products,N13
2,28/10/2021,1:41:15 pm,28/10/2021 13:41,Thursday,30.43448,0.817425,Tree Products,N9
25,15/12/2021,9:45:44 am,15/12/2021 09:45,Wednesday,30.46921,0.82083,Tree Products,N11
6,07/11/2021,9:49:27 am,07/11/2021 09:49,Sunday,30.46322167,0.761275,Tree Products,S9
20,21/12/2021,9:57:17 am,21/12/2021 09:57,Tuesday,30.48356833,0.862758333,Tree Products,N3
7,28/01/2022,10:00:21 am,28/01/2022 10:00,Friday,30.44839,0.817831667,Tree Products,N9
2,02/03/2022,8:05:18 am,02/03/2022 08:05,Wednesday,30.45175,0.830181667,Encroachment,N5
11,20/12/2021,8:05:18 am,20/12/2021 08:05,Monday,30.50961833,0.832818333,Tree Products,N8
5,09/08/2022,10:00:17 am,09/08/2022 10:00,Tuesday,30.44499,0.820398333,Encroachment,N9
8,17/11/2021,8:49:16 am,17/11/2021 08:49,Wednesday,30.464345,0.772803333,Tree Products,S9
3,15/01/2023,6:41:43 pm,15/01/2023 18:41,Sunday,30.42929,0.773606667,Tree Products,S7
2,16/02/2022,9:15:15 am,16/02/2022 09:15,Wednesday,30.43836167,0.767453333,Tree Products,S8
5,07/04/2023,10:51:50 am,07/04/2023 10:51,Friday,30.45275333,0.82311,Encroachment,N10
8,11/03/2022,8:14:21 am,11/03/2022 08:14,Friday,30.44274333,0.82668,Tree Products,N9
7,11/12/2021,5:45:40 am,11/12/2021 05:45,Saturday,30.47510167,0.84971,Encroachment,N3
9,12/01/2023,11:48:53 am,12/01/2023 11:48,Thursday,30.44577833,0.778895,Tree Products,S2
4,18/01/2023,4:17:30 pm,18/01/2023 16:17,Wednesday,30.45902167,0.759268333,Tree Products,S9
7,02/11/2021,8:41:07 am,02/11/2021 08:41,Tuesday,30.45139833,0.7642,Tree Products,S9
4,18/10/2022,2:10:35 pm,18/10/2022 14:10,Tuesday,30.47972667,0.762056667,Tree Products,S10
2,04/02/2022,2:20:13 pm,04/02/2022 14:20,Friday,30.448335,0.767183333,Tree Products,S8
20,28/01/2022,6:42:47 am,28/01/2022 06:42,Friday,30.469335,0.820393333,Tree Products,N11
3,04/02/2022,2:24:03 pm,04/02/2022 14:24,Friday,30.44861167,0.767801667,Tree Products,S8
9,11/12/2021,5:56:33 am,11/12/2021 05:56,Saturday,30.47496167,0.847383333,Encroachment,N6
2,06/12/2021,6:36:25 am,06/12/2021 06:36,Monday,30.47569833,0.85743,NTFPs,N3
3,02/08/2022,9:53:10 am,02/08/2022 09:53,Tuesday,30.458495,0.825515,Tree Products,N10
3,03/03/2022,6:53:08 am,03/03/2022 06:53,Thursday,30.47283667,0.831621667,Tree Products,N6
4,01/11/2021,9:18:34 am,01/11/2021 09:18,Monday,30.46946333,0.847498333,Tree Products,N3
5,18/08/2022,11:34:48 am,18/08/2022 11:34,Thursday,30.51265833,0.834896667,Encroachment,N8
10,31/10/2021,11:31:39 am,31/10/2021 11:31,Sunday,30.44620667,0.764803333,Tree Products,S8
3,07/12/2022,10:14:51 am,07/12/2022 10:14,Wednesday,30.436385,0.779846667,Tree Products,S2
27,28/01/2022,7:56:09 am,28/01/2022 07:56,Friday,30.47284833,0.827868333,Tree Products,N11
4,04/11/2021,11:43:50 am,04/11/2021 11:43,Thursday,30.49419833,0.752561667,Tree Products,S15
8,26/12/2021,7:23:48 am,26/12/2021 07:23,Sunday,30.474145,0.847145,Encroachment,N6
2,21/12/2021,9:58:25 am,21/12/2021 09:58,Tuesday,30.47044333,0.765066667,Tree Products,S10
3,28/12/2022,9:58:18 am,28/12/2022 09:58,Wednesday,30.46745,0.84611,Tree Products,N6
3,14/12/2021,7:32:28 am,14/12/2021 07:32,Tuesday,30.47143333,0.827508333,Tree Products,N11
4,04/11/2021,11:43:50 am,04/11/2021 11:43,Thursday,30.49419833,0.752561667,Tree Products,S15
2,25/11/2021,6:51:34 am,25/11/2021 06:51,Thursday,30.47714167,0.858328333,Tree Products,N3
2,07/04/2022,10:04:58 am,07/04/2022 10:04,Thursday,30.47249167,0.836391667,Encroachment,N6
26,17/11/2021,9:47:30 am,17/11/2021 09:47,Wednesday,30.47033,0.774695,Tree Products,S10
8,28/01/2022,11:47:23 am,28/01/2022 11:47,Friday,30.42732833,0.779478333,Tree Products,S1
2,03/05/2022,7:54:16 am,03/05/2022 07:54,Tuesday,30.47320833,0.835421667,Encroachment,N6
2,11/12/2021,6:55:42 am,11/12/2021 06:55,Saturday,30.43212,0.772153333,Tree Products,S8
4,24/01/2022,7:18:47 am,24/01/2022 07:18,Monday,30.46350667,0.848143333,Encroachment,N2
2,05/11/2021,8:09:26 am,05/11/2021 08:09,Friday,30.48146167,0.853998333,Tree Products,N3
5,14/12/2021,7:44:14 am,14/12/2021 07:44,Tuesday,30.47170667,0.826841667,Tree Products,N11
2,29/11/2021,8:57:16 am,29/11/2021 08:57,Monday,30.467465,0.761605,Tree Products,S10
14,28/01/2022,6:14:19 am,28/01/2022 06:14,Friday,30.46718333,0.824408333,Tree Products,N10
2,26/01/2022,6:16:56 am,26/01/2022 06:16,Wednesday,30.47552,0.85585,Encroachment,N3
7,25/11/2021,7:19:55 am,25/11/2021 07:19,Thursday,30.47306167,0.855353333,Tree Products,N3
20,13/12/2021,7:57:13 am,13/12/2021 07:57,Monday,30.47245833,0.8334,Tree Products,N6
3,14/12/2022,11:37:29 am,14/12/2022 11:37,Wednesday,30.472985,0.84897,Tree Products,N3
25,28/01/2022,7:23:37 am,28/01/2022 07:23,Friday,30.47268833,0.826518333,Tree Products,N11
5,12/02/2022,7:49:14 am,12/02/2022 07:49,Saturday,30.44832667,0.81466,Tree Products,N9
4,17/02/2022,6:58:53 am,17/02/2022 06:58,Thursday,30.43429667,0.772241667,Tree Products,S8
3,21/09/2022,12:24:09 pm,21/09/2022 12:24,Wednesday,30.46950167,0.851478333,Tree Products,N3
12,07/12/2021,9:07:08 am,07/12/2021 09:07,Tuesday,30.48124333,0.857885,Tree Products,N3
17,17/11/2021,9:26:39 am,17/11/2021 09:26,Wednesday,30.45395167,0.825651667,Encroachment,N10
5,05/05/2022,9:32:25 am,05/05/2022 09:32,Thursday,30.46355667,0.80661,Tree Products,N16
4,05/11/2021,8:36:03 am,05/11/2021 08:36,Friday,30.46159333,0.758538333,Tree Products,S9
3,24/10/2022,8:49:18 am,24/10/2022 08:49,Monday,30.45917833,0.759756667,Tree Products,S9
4,23/11/2021,6:30:50 am,23/11/2021 06:30,Tuesday,30.47085833,0.855,Tree Products,N3
13,28/11/2021,7:14:06 am,28/11/2021 07:14,Sunday,30.47091333,0.844696667,Tree Products,N6
4,04/11/2021,11:43:50 am,04/11/2021 11:43,Thursday,30.49419833,0.752561667,Tree Products,S15
20,06/12/2021,8:25:18 am,06/12/2021 08:25,Monday,30.46876333,0.84494,Tree Products,N6
2,11/02/2022,8:39:00 am,11/02/2022 08:39,Friday,30.46683333,0.830935,Tree Products,N5
8,28/01/2022,9:06:19 am,28/01/2022 09:06,Friday,30.470635,0.810238333,Tree Products,N17
4,28/01/2022,9:21:13 am,28/01/2022 09:21,Friday,30.44792167,0.814736667,Tree Products,N9
10,31/10/2021,11:31:39 am,31/10/2021 11:31,Sunday,30.44620667,0.764803333,Tree Products,S8
4,04/11/2021,11:43:50 am,04/11/2021 11:43,Thursday,30.49419833,0.752561667,Tree Products,S15
11,20/02/2022,9:31:10 am,20/02/2022 09:31,Sunday,30.50632,0.777108333,Tree Products,S6
3,20/11/2021,6:10:20 am,20/11/2021 06:10,Saturday,30.45122167,0.766398333,Tree Products,S9
8,27/11/2021,6:50:12 am,27/11/2021 06:50,Saturday,30.44084667,0.785068333,Tree Products,S2
4,20/12/2021,6:37:37 am,20/12/2021 06:37,Monday,30.478775,0.858356667,Encroachment,N3
25,15/12/2021,9:45:44 am,15/12/2021 09:45,Wednesday,30.46921,0.82083,Tree Products,N11
6,23/11/2021,7:07:30 am,23/11/2021 07:07,Tuesday,30.46627333,0.847646667,Tree Products,N2
2,03/11/2021,12:49:11 pm,03/11/2021 12:49,Wednesday,30.46575333,0.75692,Tree Products,S13
18,29/10/2021,10:38:24 am,29/10/2021 10:38,Friday,30.42865833,0.771716667,Tree Products,S7
8,20/12/2021,7:31:26 am,20/12/2021 07:31,Monday,30.48160333,0.856741667,Tree Products,N3
10,28/01/2022,9:49:22 am,28/01/2022 09:49,Friday,30.47181333,0.819795,Tree Products,N11
15,29/10/2021,10:21:44 am,29/10/2021 10:21,Friday,30.43006167,0.770393333,Tree Products,S7
6,24/01/2022,10:41:39 am,24/01/2022 10:41,Monday,30.46852333,0.808461667,Tree Products,N17
13,20/02/2022,9:35:34 am,20/02/2022 09:35,Sunday,30.50681,0.777776667,Tree Products,S6
18,02/11/2021,10:00:47 am,02/11/2021 10:00,Tuesday,30.46112833,0.76028,Tree Products,S9
3,12/01/2023,11:34:18 am,12/01/2023 11:34,Thursday,30.44655,0.778665,Tree Products,S2
13,29/12/2021,8:44:45 am,29/12/2021 08:44,Wednesday,30.48231333,0.851938333,Tree Products,N3
2,29/10/2021,7:32:24 am,29/10/2021 07:32,Friday,30.45964333,0.840558333,Encroachment,N5
12,21/12/2021,8:16:03 am,21/12/2021 08:16,Tuesday,30.480205,0.853848333,Tree Products,N3
14,19/01/2022,9:17:46 am,19/01/2022 09:17,Wednesday,30.47474333,0.855401667,Tree Products,N3
2,19/01/2022,7:02:34 am,19/01/2022 07:02,Wednesday,30.46589833,0.852276667,Encroachment,N2
3,31/10/2021,11:15:28 am,31/10/2021 11:15,Sunday,30.44625167,0.764923333,Tree Products,S8
4,28/01/2022,8:35:12 am,28/01/2022 08:35,Friday,30.46339833,0.806501667,Tree Products,N16
5,09/08/2022,10:00:17 am,09/08/2022 10:00,Tuesday,30.44499,0.820398333,Encroachment,N9
6,04/02/2022,2:44:37 pm,04/02/2022 14:44,Friday,30.44798333,0.765923333,Tree Products,S8
25,20/12/2021,9:43:39 am,20/12/2021 09:43,Monday,30.51533,0.835125,Encroachment,N8
5,12/11/2021,9:36:19 am,12/11/2021 09:36,Friday,30.451095,0.76506,Tree Products,S9
29,31/01/2022,11:03:43 am,31/01/2022 11:03,Monday,30.46455333,0.822301667,Tree Products,N10
5,06/12/2022,11:46:05 am,06/12/2022 11:46,Tuesday,30.51096,0.781776667,Tree Products,S6
7,01/02/2022,7:07:49 am,01/02/2022 07:07,Tuesday,30.47233667,0.852231667,Tree Products,N3
18,13/12/2021,7:50:18 am,13/12/2021 07:50,Monday,30.47269333,0.832491667,Tree Products,N6
4,26/12/2021,7:12:56 am,26/12/2021 07:12,Sunday,30.47549833,0.848796667,Tree Products,N3
3,22/11/2021,9:30:26 am,22/11/2021 09:30,Monday,30.44522333,0.7661,Tree Products,S8
3,26/10/2022,4:10:50 pm,26/10/2022 16:10,Wednesday,30.42191833,0.77635,Tree Products,S1
3,16/11/2022,1:11:50 pm,16/11/2022 13:11,Wednesday,30.51133833,0.799488333,Tree Products,N19
2,11/02/2022,8:39:00 am,11/02/2022 08:39,Friday,30.46683333,0.830935,Tree Products,N5
12,21/12/2021,8:16:03 am,21/12/2021 08:16,Tuesday,30.480205,0.853848333,Encroachment,N3
11,10/02/2022,9:38:06 am,10/02/2022 09:38,Thursday,30.47089167,0.815636667,Tree Products,N11
3,20/10/2022,10:35:31 am,20/10/2022 10:35,Thursday,30.512515,0.799255,Tree Products,N19
7,29/11/2021,7:44:24 am,29/11/2021 07:44,Monday,30.47692,0.834006667,Encroachment,N6
5,14/12/2021,7:44:14 am,14/12/2021 07:44,Tuesday,30.47170667,0.826841667,Tree Products,N11
5,25/11/2021,7:10:34 am,25/11/2021 07:10,Thursday,30.47529833,0.855448333,Tree Products,N3
19,14/11/2021,9:05:46 am,14/11/2021 09:05,Sunday,30.42804667,0.773333333,Tree Products,S7
6,07/02/2022,9:53:58 am,07/02/2022 09:53,Monday,30.43822667,0.772766667,Tree Products,S8
4,29/11/2021,9:18:08 am,29/11/2021 09:18,Monday,30.47031667,0.765416667,Tree Products,S10
3,17/12/2022,10:45:50 am,17/12/2022 10:45,Saturday,30.45177167,0.836226667,Encroachment,N5
11,17/11/2021,8:34:30 am,17/11/2021 08:34,Wednesday,30.457635,0.823536667,Tree Products,N10
3,07/03/2022,7:25:33 am,07/03/2022 07:25,Monday,30.455135,0.827288333,Tree Products,N10
2,12/02/2022,7:30:04 am,12/02/2022 07:30,Saturday,30.44715,0.817055,Tree Products,N9
4,04/11/2021,11:43:50 am,04/11/2021 11:43,Thursday,30.49419833,0.752561667,Tree Products,S15
8,12/02/2022,8:44:48 am,12/02/2022 08:44,Saturday,30.45253,0.82373,Tree Products,N10
7,23/11/2021,10:36:27 am,23/11/2021 10:36,Tuesday,30.478075,0.755586667,Tree Products,S14
3,10/08/2022,10:27:09 am,10/08/2022 10:27,Wednesday,30.47265,0.850331667,Tree Products,N3
5,07/12/2022,10:31:13 am,07/12/2022 10:31,Wednesday,30.43570167,0.78023,Tree Products,S2
3,03/03/2022,6:53:08 am,03/03/2022 06:53,Thursday,30.47283667,0.831621667,Tree Products,N6
4,11/12/2021,5:17:21 am,11/12/2021 05:17,Saturday,30.47780667,0.85735,Tree Products,N3
18,14/11/2021,8:37:16 am,14/11/2021 08:37,Sunday,30.43043667,0.771366667,Tree Products,S7
4,04/11/2021,11:43:50 am,04/11/2021 11:43,Thursday,30.49419833,0.752561667,Tree Products,S15
8,20/12/2021,7:31:26 am,20/12/2021 07:31,Monday,30.48160333,0.856741667,Encroachment,N3
5,12/01/2023,11:38:45 am,12/01/2023 11:38,Thursday,30.446065,0.778815,Tree Products,S2
8,24/01/2022,7:49:32 am,24/01/2022 07:49,Monday,30.45869,0.84697,Tree Products,N5
2,05/11/2021,8:09:26 am,05/11/2021 08:09,Friday,30.48146167,0.853998333,Tree Products,N3
6,09/08/2022,10:26:49 am,09/08/2022 10:26,Tuesday,30.443015,0.821861667,Encroachment,N9
5,10/08/2022,11:39:30 am,10/08/2022 11:39,Wednesday,30.469715,0.851161667,Tree Products,N3
2,01/03/2022,9:47:59 am,01/03/2022 09:47,Tuesday,30.4211,0.774763333,Tree Products,S7
5,12/02/2022,7:49:14 am,12/02/2022 07:49,Saturday,30.44832667,0.81466,Tree Products,N9
4,23/02/2022,9:05:48 am,23/02/2022 09:05,Wednesday,30.451525,0.813335,Tree Products,N10
3,10/02/2022,7:28:20 am,10/02/2022 07:28,Thursday,30.46832,0.822911667,Tree Products,N11
2,16/02/2022,6:14:37 am,16/02/2022 06:14,Wednesday,30.46309667,0.847891667,Tree Products,N2
4,20/11/2021,7:26:51 am,20/11/2021 07:26,Saturday,30.472715,0.855525,Tree Products,N3
11,10/11/2021,9:03:53 am,10/11/2021 09:03,Wednesday,30.47996,0.835193333,Tree Products,N6
2,26/12/2021,7:08:27 am,26/12/2021 07:08,Sunday,30.47492,0.849821667,Tree Products,N3
3,23/08/2022,5:05:49 pm,23/08/2022 17:05,Tuesday,30.453615,0.770675,Tree Products,S9
7,19/01/2022,10:47:08 am,19/01/2022 10:47,Wednesday,30.508555,0.776728333,Tree Products,S6
7,12/11/2021,9:46:29 am,12/11/2021 09:46,Friday,30.45174833,0.765148333,Tree Products,S9
13,31/10/2021,11:40:04 am,31/10/2021 11:40,Sunday,30.447115,0.764105,Tree Products,S8
2,28/01/2022,6:30:05 am,28/01/2022 06:30,Friday,30.47311833,0.842518333,Tree Products,N6
3,14/12/2021,7:32:28 am,14/12/2021 07:32,Tuesday,30.47143333,0.827508333,Tree Products,N11
4,11/02/2022,9:31:38 am,11/02/2022 09:31,Friday,30.47272,0.843945,Tree Products,N6
3,29/01/2022,10:07:33 am,29/01/2022 10:07,Saturday,30.436075,0.796723333,Tree Products,N15
4,10/09/2022,4:11:37 pm,10/09/2022 16:11,Saturday,30.43023833,0.781858333,Tree Products,S1
5,12/01/2023,11:38:45 am,12/01/2023 11:38,Thursday,30.446065,0.778815,Tree Products,S2
8,19/01/2022,11:06:18 am,19/01/2022 11:06,Wednesday,30.50993667,0.77536,Tree Products,S6
2,16/11/2021,7:23:23 am,16/11/2021 07:23,Tuesday,30.459705,0.832118333,Tree Products,N5
10,17/11/2021,9:21:29 am,17/11/2021 09:21,Wednesday,30.46790167,0.77408,Tree Products,S10
2,20/12/2021,6:23:45 am,20/12/2021 06:23,Monday,30.481165,0.861203333,Tree Products,N3
10,28/01/2022,1:06:46 pm,28/01/2022 13:06,Friday,30.424295,0.781401667,Tree Products,S1
6,05/03/2022,11:14:41 am,05/03/2022 11:14,Saturday,30.50841833,0.828948333,Tree Products,N13
3,17/08/2022,11:47:39 am,17/08/2022 11:47,Wednesday,30.45250333,0.836418333,Encroachment,N5
3,29/01/2022,10:07:33 am,29/01/2022 10:07,Saturday,30.436075,0.796723333,Tree Products,N15
2,28/01/2022,5:23:14 am,28/01/2022 05:23,Friday,30.46543167,0.831665,Tree Products,N5
2,19/01/2022,7:02:34 am,19/01/2022 07:02,Wednesday,30.46589833,0.852276667,Tree Products,N2
4,04/11/2021,11:43:50 am,04/11/2021 11:43,Thursday,30.49419833,0.752561667,Tree Products,S15
2,25/02/2022,6:54:43 am,25/02/2022 06:54,Friday,30.46340833,0.84826,Tree Products,N2
4,13/12/2021,6:09:24 am,13/12/2021 06:09,Monday,30.46614833,0.846988333,Tree Products,N5
4,04/11/2021,11:43:50 am,04/11/2021 11:43,Thursday,30.49419833,0.752561667,Tree Products,S15
4,04/11/2021,11:43:50 am,04/11/2021 11:43,Thursday,30.49419833,0.752561667,Tree Products,S15
4,22/01/2022,9:42:06 am,22/01/2022 09:42,Saturday,30.46782333,0.831053333,Tree Products,N6
8,21/11/2021,9:27:23 am,21/11/2021 09:27,Sunday,30.47790667,0.86094,Tree Products,N3
2,20/02/2022,5:54:04 am,20/02/2022 05:54,Sunday,30.50755167,0.814245,Tree Products,N13
11,24/01/2022,9:10:39 am,24/01/2022 09:10,Monday,30.478795,0.858718333,Encroachment,N3
5,29/12/2021,9:30:37 am,29/12/2021 09:30,Wednesday,30.47810333,0.761395,Tree Products,S10
15,31/10/2021,11:45:55 am,31/10/2021 11:45,Sunday,30.44717167,0.764983333,Tree Products,S8
2,18/01/2022,10:56:42 am,18/01/2022 10:56,Tuesday,30.425575,0.784181667,Tree Products,S1
15,07/12/2021,9:11:06 am,07/12/2021 09:11,Tuesday,30.48047667,0.857091667,Encroachment,N3
2,02/03/2022,10:09:40 am,02/03/2022 10:09,Wednesday,30.44048833,0.766428333,Tree Products,S8
3,08/11/2021,8:11:23 am,08/11/2021 08:11,Monday,30.49305667,0.752283333,Tree Products,S15
5,02/11/2021,8:35:49 am,02/11/2021 08:35,Tuesday,30.45123167,0.763355,Tree Products,S9
2,28/01/2022,8:58:52 am,28/01/2022 08:58,Friday,30.44723833,0.810701667,Tree Products,N15
6,29/01/2022,10:13:09 am,29/01/2022 10:13,Saturday,30.43642667,0.796696667,Tree Products,N15
4,23/09/2022,9:55:31 am,23/09/2022 09:55,Friday,30.46255333,0.757973333,Encroachment,S9
3,20/01/2022,8:28:03 am,20/01/2022 08:28,Thursday,30.46332333,0.759003333,Tree Products,S9
5,22/02/2022,7:35:53 am,22/02/2022 07:35,Tuesday,30.46984,0.845871667,Tree Products,N6
5,16/11/2021,7:58:36 am,16/11/2021 07:58,Tuesday,30.45546167,0.828336667,Tree Products,N10
5,07/11/2021,9:46:41 am,07/11/2021 09:46,Sunday,30.46344,0.760885,Tree Products,S9
5,23/11/2021,5:07:08 am,23/11/2021 05:07,Tuesday,30.51189333,0.831256667,Tree Products,N8
13,31/01/2022,8:33:15 am,31/01/2022 08:33,Monday,30.45537,0.82765,Tree Products,N10
4,21/12/2022,12:45:58 pm,21/12/2022 12:45,Wednesday,30.47947,0.84153,Tree Products,N6
3,02/08/2022,11:27:22 am,02/08/2022 11:27,Tuesday,30.43592667,0.823828333,Tree Products,N9
5,03/03/2022,7:00:13 am,03/03/2022 07:00,Thursday,30.47132833,0.830376667,Tree Products,N6
5,17/12/2021,10:00:44 am,17/12/2021 10:00,Friday,30.42279167,0.778731667,Tree Products,S1
14,05/12/2021,7:03:25 am,05/12/2021 07:03,Sunday,30.47771,0.851133333,Encroachment,N3
4,14/01/2022,10:02:10 am,14/01/2022 10:02,Friday,30.424625,0.7885,Tree Products,S1
3,13/01/2023,1:27:06 pm,13/01/2023 13:27,Friday,30.43728167,0.784695,Tree Products,S2
10,08/11/2021,8:51:44 am,08/11/2021 08:51,Monday,30.488235,0.757173333,Tree Products,S11
6,20/02/2022,7:56:37 am,20/02/2022 07:56,Sunday,30.50630667,0.78176,Tree Products,S6
2,30/03/2023,9:49:55 am,30/03/2023 09:49,Thursday,30.45502667,0.817763333,Tree Products,N10
4,19/12/2021,7:34:19 am,19/12/2021 07:34,Sunday,30.50815167,0.83012,Tree Products,N8
4,17/02/2022,8:59:19 am,17/02/2022 08:59,Thursday,30.46410667,0.817531667,Tree Products,N10
6,23/11/2021,7:07:30 am,23/11/2021 07:07,Tuesday,30.46627333,0.847646667,Tree Products,N2
6,24/01/2022,7:23:19 am,24/01/2022 07:23,Monday,30.46321333,0.848215,Tree Products,N2
18,28/01/2022,6:38:26 am,28/01/2022 06:38,Friday,30.46899833,0.820843333,Tree Products,N11
16,21/12/2021,9:10:08 am,21/12/2021 09:10,Tuesday,30.47578833,0.854036667,Encroachment,N3
7,12/01/2023,11:44:18 am,12/01/2023 11:44,Thursday,30.44592167,0.778845,Tree Products,S2
5,19/02/2022,11:50:29 am,19/02/2022 11:50,Saturday,30.49516167,0.834741667,Tree Products,N7
4,13/09/2022,11:53:30 am,13/09/2022 11:53,Tuesday,30.43206,0.771855,Tree Products,S8
6,22/11/2021,9:37:27 am,22/11/2021 09:37,Monday,30.44586833,0.76662,Tree Products,S8
3,21/01/2022,7:14:42 am,21/01/2022 07:14,Friday,30.463005,0.81764,Tree Products,N10
17,31/01/2022,9:34:48 am,31/01/2022 09:34,Monday,30.464205,0.818388333,Tree Products,N10
14,13/12/2021,7:35:30 am,13/12/2021 07:35,Monday,30.47001667,0.830656667,Tree Products,N6
2,15/03/2022,8:12:28 am,15/03/2022 08:12,Tuesday,30.479165,0.847236667,Tree Products,N6
2,23/11/2021,6:22:53 am,23/11/2021 06:22,Tuesday,30.47290667,0.855145,Tree Products,N3
8,29/01/2022,10:26:43 am,29/01/2022 10:26,Saturday,30.43548,0.798051667,Tree Products,N15
5,19/08/2022,5:30:49 pm,19/08/2022 17:30,Friday,30.43833333,0.769911667,Tree Products,S8
6,29/10/2021,9:14:04 am,29/10/2021 09:14,Friday,30.43887333,0.767181667,NTFPs,S8
20,29/10/2021,10:42:10 am,29/10/2021 10:42,Friday,30.42873833,0.772078333,Tree Products,S7
4,31/08/2022,12:51:48 pm,31/08/2022 12:51,Wednesday,30.47913667,0.838671667,Tree Products,N6
5,16/11/2021,7:58:36 am,16/11/2021 07:58,Tuesday,30.45546167,0.828336667,Tree Products,N10
17,17/11/2021,9:26:39 am,17/11/2021 09:26,Wednesday,30.45395167,0.825651667,Tree Products,N10
4,16/01/2022,5:57:47 am,16/01/2022 05:57,Sunday,30.47487167,0.850603333,NTFPs,N3
9,30/03/2023,11:12:59 am,30/03/2023 11:12,Thursday,30.45482833,0.807421667,Tree Products,N16
3,02/12/2021,6:23:49 am,02/12/2021 06:23,Thursday,30.468075,0.848205,Encroachment,N3
19,29/11/2021,8:25:25 am,29/11/2021 08:25,Monday,30.46815833,0.847598333,Tree Products,N3
2,10/11/2021,7:01:40 am,10/11/2021 07:01,Wednesday,30.45924,0.84738,Encroachment,N5
22,17/11/2021,9:41:06 am,17/11/2021 09:41,Wednesday,30.46996,0.773633333,Tree Products,S10
11,11/12/2021,6:11:29 am,11/12/2021 06:11,Saturday,30.47137167,0.842986667,Tree Products,N6
3,13/09/2022,11:27:49 am,13/09/2022 11:27,Tuesday,30.43069167,0.77009,Encroachment,S7
3,12/11/2021,9:33:11 am,12/11/2021 09:33,Friday,30.45141833,0.764731667,Tree Products,S9
4,15/03/2022,10:02:46 am,15/03/2022 10:02,Tuesday,30.478435,0.857906667,NTFPs,N3
2,17/02/2022,6:50:28 am,17/02/2022 06:50,Thursday,30.43204333,0.771923333,Tree Products,S8
5,02/08/2022,11:50:51 am,02/08/2022 11:50,Tuesday,30.43689833,0.82493,Tree Products,N9
4,13/09/2022,11:49:30 am,13/09/2022 11:49,Tuesday,30.43115167,0.772135,Tree Products,S7
11,29/10/2021,9:50:23 am,29/10/2021 09:50,Friday,30.43598333,0.768481667,Tree Products,S8
9,02/12/2021,7:12:25 am,02/12/2021 07:12,Thursday,30.47400667,0.84743,Encroachment,N3
33,31/01/2022,11:19:21 am,31/01/2022 11:19,Monday,30.46678333,0.820915,Tree Products,N10
15,14/11/2021,8:02:09 am,14/11/2021 08:02,Sunday,30.43800167,0.772553333,Tree Products,S8
6,09/11/2021,9:30:37 am,09/11/2021 09:30,Tuesday,30.42646167,0.773668333,Tree Products,S7
6,21/02/2022,11:31:12 am,21/02/2022 11:31,Monday,30.46868333,0.819453333,Tree Products,N11
3,31/05/2022,9:41:30 am,31/05/2022 09:41,Tuesday,30.47565333,0.855868333,Tree Products,N3
2,02/08/2022,11:07:55 am,02/08/2022 11:07,Tuesday,30.43671833,0.823198333,Tree Products,N9
4,01/09/2022,10:51:57 am,01/09/2022 10:51,Thursday,30.48313333,0.832968333,Tree Products,N6
11,13/01/2022,8:53:48 am,13/01/2022 08:53,Thursday,30.47118667,0.844603333,Tree Products,N6
2,03/02/2022,6:03:20 am,03/02/2022 06:03,Thursday,30.46584667,0.850791667,Encroachment,N2
2,24/01/2022,6:16:39 am,24/01/2022 06:16,Monday,30.46610167,0.848281667,Tree Products,N2
7,22/11/2021,9:46:06 am,22/11/2021 09:46,Monday,30.44621167,0.766961667,Tree Products,S8
10,28/11/2021,6:34:17 am,28/11/2021 06:34,Sunday,30.48161667,0.847833333,Tree Products,N3
4,19/12/2021,7:34:19 am,19/12/2021 07:34,Sunday,30.50815167,0.83012,Tree Products,N8
25,28/01/2022,7:23:37 am,28/01/2022 07:23,Friday,30.47268833,0.826518333,Tree Products,N11
4,20/09/2022,4:52:01 pm,20/09/2022 16:52,Tuesday,30.43810667,0.769566667,Tree Products,S8
8,13/12/2021,6:19:44 am,13/12/2021 06:19,Monday,30.465945,0.846043333,Tree Products,N5
27,15/12/2021,9:52:47 am,15/12/2021 09:52,Wednesday,30.46858333,0.822761667,Tree Products,N11
10,29/11/2021,7:59:11 am,29/11/2021 07:59,Monday,30.47390833,0.835138333,Tree Products,N6
9,19/01/2022,11:08:41 am,19/01/2022 11:08,Wednesday,30.509955,0.775343333,Tree Products,S6
4,16/02/2022,9:56:38 am,16/02/2022 09:56,Wednesday,30.433465,0.769741667,Tree Products,S8
5,12/01/2022,7:31:33 am,12/01/2022 07:31,Wednesday,30.47918167,0.851496667,Tree Products,N3
18,17/11/2021,9:36:15 am,17/11/2021 09:36,Wednesday,30.46937833,0.773741667,Tree Products,S10
11,20/02/2022,9:31:10 am,20/02/2022 09:31,Sunday,30.50632,0.777108333,Tree Products,S6
2,03/05/2022,7:54:16 am,03/05/2022 07:54,Tuesday,30.47320833,0.835421667,Tree Products,N6
15,31/01/2022,9:10:47 am,31/01/2022 09:10,Monday,30.46475833,0.818115,Tree Products,N10
7,02/12/2021,6:48:15 am,02/12/2021 06:48,Thursday,30.47023,0.845341667,Tree Products,N6
3,26/06/2023,9:21:53 am,26/06/2023 09:21,Monday,30.451655,0.840983333,Tree Products,N5
18,13/12/2021,7:50:18 am,13/12/2021 07:50,Monday,30.47269333,0.832491667,Tree Products,N6
15,15/12/2021,9:13:18 am,15/12/2021 09:13,Wednesday,30.474245,0.81959,Tree Products,N11
3,29/12/2021,8:08:24 am,29/12/2021 08:08,Wednesday,30.47909833,0.752845,Tree Products,S14
6,13/09/2022,11:53:22 am,13/09/2022 11:53,Tuesday,30.431225,0.77211,Tree Products,S7
3,28/02/2022,9:58:45 am,28/02/2022 09:58,Monday,30.43201333,0.771833333,Tree Products,S8
2,03/02/2022,8:21:55 am,03/02/2022 08:21,Thursday,30.5083,0.813206667,Tree Products,N13
24,02/11/2021,10:12:30 am,02/11/2021 10:12,Tuesday,30.46141333,0.760521667,Tree Products,S9
3,21/01/2022,7:14:42 am,21/01/2022 07:14,Friday,30.463005,0.81764,Tree Products,N10
6,21/02/2022,11:31:12 am,21/02/2022 11:31,Monday,30.46868333,0.819453333,Tree Products,N11
5,10/02/2022,8:21:03 am,10/02/2022 08:21,Thursday,30.47031833,0.810635,Tree Products,N17
6,16/02/2022,10:34:25 am,16/02/2022 10:34,Wednesday,30.42621333,0.774028333,Tree Products,S7
14,02/11/2021,9:48:37 am,02/11/2021 09:48,Tuesday,30.46073,0.759236667,Tree Products,S9
2,15/01/2022,5:20:30 am,15/01/2022 05:20,Saturday,30.475265,0.855185,Tree Products,N3
6,24/01/2022,10:41:39 am,24/01/2022 10:41,Monday,30.46852333,0.808461667,Tree Products,N17
2,07/04/2022,10:04:58 am,07/04/2022 10:04,Thursday,30.47249167,0.836391667,Tree Products,N6
6,17/01/2022,12:25:44 pm,17/01/2022 12:25,Monday,30.46682667,0.759101667,Tree Products,S9
6,10/02/2022,8:46:07 am,10/02/2022 08:46,Thursday,30.47349833,0.827565,Tree Products,N11
20,06/12/2021,8:25:18 am,06/12/2021 08:25,Monday,30.46876333,0.84494,Tree Products,N6
11,31/01/2022,8:05:12 am,31/01/2022 08:05,Monday,30.45968167,0.832238333,Tree Products,N5
13,17/11/2021,8:41:49 am,17/11/2021 08:41,Wednesday,30.458265,0.82289,Tree Products,N10
3,20/02/2022,5:54:52 am,20/02/2022 05:54,Sunday,30.50746333,0.814195,Tree Products,N13
11,10/02/2022,9:38:06 am,10/02/2022 09:38,Thursday,30.47089167,0.815636667,Tree Products,N11
7,05/11/2021,9:03:01 am,05/11/2021 09:03,Friday,30.46351833,0.758031667,Tree Products,S9
3,03/02/2022,8:27:50 am,03/02/2022 08:27,Thursday,30.50769667,0.814091667,Tree Products,N13
14,12/12/2021,9:12:00 am,12/12/2021 09:12,Sunday,30.51164167,0.832493333,Tree Products,N8
9,02/12/2021,7:12:25 am,02/12/2021 07:12,Thursday,30.47400667,0.84743,Tree Products,N3
8,13/12/2021,6:19:44 am,13/12/2021 06:19,Monday,30.465945,0.846043333,Tree Products,N5
9,05/12/2021,6:47:10 am,05/12/2021 06:47,Sunday,30.48082167,0.854216667,Encroachment,N3
12,28/01/2022,6:11:31 am,28/01/2022 06:11,Friday,30.467045,0.824546667,Tree Products,N10
9,09/11/2021,9:56:49 am,09/11/2021 09:56,Tuesday,30.428305,0.771385,Tree Products,S7
2,11/01/2022,8:18:12 am,11/01/2022 08:18,Tuesday,30.46642,0.756745,Tree Products,S13
3,12/11/2021,9:33:11 am,12/11/2021 09:33,Friday,30.45141833,0.764731667,Tree Products,S9
12,28/01/2022,10:04:55 am,28/01/2022 10:04,Friday,30.468705,0.819318333,Tree Products,N11
16,27/12/2021,8:38:36 am,27/12/2021 08:38,Monday,30.46755167,0.851971667,Tree Products,N3
20,20/12/2021,8:54:03 am,20/12/2021 08:54,Monday,30.51245,0.832495,Tree Products,N8
8,19/01/2022,8:13:51 am,19/01/2022 08:13,Wednesday,30.47086167,0.842353333,Tree Products,N6
21,31/01/2022,10:03:52 am,31/01/2022 10:03,Monday,30.46181667,0.821358333,Tree Products,N10
9,10/02/2022,9:23:57 am,10/02/2022 09:23,Thursday,30.471115,0.811881667,Tree Products,N11
7,02/11/2021,8:41:07 am,02/11/2021 08:41,Tuesday,30.45139833,0.7642,Tree Products,S9
2,05/12/2021,5:53:27 am,05/12/2021 05:53,Sunday,30.48379667,0.861878333,Encroachment,N3
3,24/03/2023,5:33:20 pm,24/03/2023 17:33,Friday,30.44643167,0.831311667,Tree Products,N4
5,27/05/2023,9:39:54 am,27/05/2023 09:39,Saturday,30.446545,0.818873333,Tree Products,N9
3,28/12/2021,6:47:51 am,28/12/2021 06:47,Tuesday,30.47576833,0.849636667,Encroachment,N3
3,12/01/2022,8:37:25 am,12/01/2022 08:37,Wednesday,30.43605167,0.783016667,Tree Products,S2
21,31/01/2022,10:03:52 am,31/01/2022 10:03,Monday,30.46181667,0.821358333,Tree Products,N10
2,23/02/2022,6:32:35 am,23/02/2022 06:32,Wednesday,30.450495,0.838028333,Tree Products,N5
10,13/12/2021,7:15:01 am,13/12/2021 07:15,Monday,30.46785333,0.830916667,Tree Products,N6
4,06/12/2021,7:32:22 am,06/12/2021 07:32,Monday,30.476575,0.858976667,Encroachment,N3
3,26/06/2023,9:21:53 am,26/06/2023 09:21,Monday,30.451655,0.840983333,Tree Products,N5
3,17/12/2022,10:45:50 am,17/12/2022 10:45,Saturday,30.45177167,0.836226667,Tree Products,N5
2,12/02/2022,7:30:04 am,12/02/2022 07:30,Saturday,30.44715,0.817055,Tree Products,N9
15,11/12/2021,7:17:33 am,11/12/2021 07:17,Saturday,30.468105,0.847705,Encroachment,N3
2,23/02/2022,6:32:35 am,23/02/2022 06:32,Wednesday,30.450495,0.838028333,Tree Products,N5
3,01/12/2021,7:18:43 am,01/12/2021 07:18,Wednesday,30.48467333,0.752253333,Tree Products,S14
4,13/11/2021,7:05:37 am,13/11/2021 07:05,Saturday,30.43831167,0.772413333,Tree Products,S8
2,22/11/2021,8:47:56 am,22/11/2021 08:47,Monday,30.44617167,0.764531667,Tree Products,S8
5,10/04/2022,7:48:59 am,10/04/2022 07:48,Sunday,30.50618333,0.773173333,Tree Products,S12
4,24/11/2022,10:12:17 am,24/11/2022 10:12,Thursday,30.46521833,0.847595,Tree Products,N2
2,14/01/2022,9:09:54 am,14/01/2022 09:09,Friday,30.42446167,0.78807,Tree Products,S1
9,31/10/2021,11:26:53 am,31/10/2021 11:26,Sunday,30.44657667,0.76551,Tree Products,S8
6,03/08/2022,3:53:45 pm,03/08/2022 15:53,Wednesday,30.42957833,0.770863333,Tree Products,S7
4,12/01/2022,8:50:44 am,12/01/2022 08:50,Wednesday,30.43694667,0.78294,Tree Products,S2
3,03/02/2022,10:38:24 am,03/02/2022 10:38,Thursday,30.49678,0.755405,Tree Products,S15
8,30/01/2022,7:58:51 am,30/01/2022 07:58,Sunday,30.46005333,0.831958333,Tree Products,N5
11,20/12/2021,8:05:18 am,20/12/2021 08:05,Monday,30.50961833,0.832818333,Tree Products,N8
2,02/08/2022,11:08:36 am,02/08/2022 11:08,Tuesday,30.436245,0.823648333,Tree Products,N9
3,11/08/2022,10:19:13 am,11/08/2022 10:19,Thursday,30.51013833,0.833736667,Tree Products,N8
9,03/01/2022,7:11:30 am,03/01/2022 07:11,Monday,30.4724,0.842558333,Tree Products,N6
8,26/01/2022,8:36:14 am,26/01/2022 08:36,Wednesday,30.47971667,0.836901667,Tree Products,N6
5,29/11/2021,7:34:48 am,29/11/2021 07:34,Monday,30.47797167,0.834905,Encroachment,N6
3,02/08/2022,11:26:21 am,02/08/2022 11:26,Tuesday,30.43604667,0.82402,Tree Products,N9
4,26/10/2022,4:27:46 pm,26/10/2022 16:27,Wednesday,30.422315,0.776116667,Tree Products,S1
5,27/11/2021,6:23:47 am,27/11/2021 06:23,Saturday,30.44288333,0.78658,Tree Products,S2
2,27/11/2021,4:35:29 am,27/11/2021 04:35,Saturday,30.43745333,0.769875,Tree Products,S8
7,29/12/2021,9:47:12 am,29/12/2021 09:47,Wednesday,30.477145,0.763708333,Tree Products,S10
4,04/11/2021,11:43:50 am,04/11/2021 11:43,Thursday,30.49419833,0.752561667,Tree Products,S15
9,11/01/2023,9:16:13 am,11/01/2023 09:16,Wednesday,30.46518667,0.847495,Tree Products,N2
3,21/02/2022,10:16:48 am,21/02/2022 10:16,Monday,30.47184833,0.82708,Tree Products,N11
2,12/01/2022,11:09:34 am,12/01/2022 11:09,Wednesday,30.45200833,0.762461667,Tree Products,S9
11,27/11/2021,7:38:54 am,27/11/2021 07:38,Saturday,30.4386,0.78115,Tree Products,S2
6,17/02/2022,7:58:03 am,17/02/2022 07:58,Thursday,30.439695,0.773345,Tree Products,S8
2,31/10/2021,6:37:06 am,31/10/2021 06:37,Sunday,30.47523,0.855471667,Tree Products,N3
3,12/01/2022,11:30:44 am,12/01/2022 11:30,Wednesday,30.45297167,0.7639,Tree Products,S9
8,26/06/2023,9:42:02 am,26/06/2023 09:42,Monday,30.451515,0.840425,Tree Products,N5
3,27/01/2022,10:24:00 am,27/01/2022 10:24,Thursday,30.46742167,0.75758,Tree Products,S9
4,06/04/2022,6:59:57 am,06/04/2022 06:59,Wednesday,30.46708167,0.844836667,Tree Products,N5
11,12/01/2023,12:11:27 pm,12/01/2023 12:11,Thursday,30.445775,0.777816667,Tree Products,S2
2,03/11/2021,12:49:11 pm,03/11/2021 12:49,Wednesday,30.46575333,0.75692,Tree Products,S13
7,12/01/2023,11:44:18 am,12/01/2023 11:44,Thursday,30.44592167,0.778845,Tree Products,S2
7,14/03/2022,6:47:30 am,14/03/2022 06:47,Monday,30.43213167,0.772095,Tree Products,S8
16,28/01/2022,6:31:23 am,28/01/2022 06:31,Friday,30.46837833,0.822665,Tree Products,N11
2,03/11/2021,12:49:11 pm,03/11/2021 12:49,Wednesday,30.46575333,0.75692,Tree Products,S13
7,15/11/2021,8:03:34 am,15/11/2021 08:03,Monday,30.49778667,0.755416667,Tree Products,S15
3,05/08/2022,9:35:40 am,05/08/2022 09:35,Friday,30.437695,0.77004,Tree Products,S8
2,28/12/2021,11:35:50 am,28/12/2021 11:35,Tuesday,30.46225,0.767068333,Tree Products,S9
15,07/11/2021,11:27:18 am,07/11/2021 11:27,Sunday,30.46454333,0.760453333,Tree Products,S9
6,13/12/2021,6:12:23 am,13/12/2021 06:12,Monday,30.46620333,0.846655,Tree Products,N5
4,12/08/2022,12:13:31 pm,12/08/2022 12:13,Friday,30.446685,0.764258333,Tree Products,S8
3,02/03/2022,9:50:39 am,02/03/2022 09:50,Wednesday,30.45429667,0.818118333,Tree Products,N10
2,02/08/2022,11:04:09 am,02/08/2022 11:04,Tuesday,30.436695,0.82362,Tree Products,N9
3,19/02/2022,11:12:34 am,19/02/2022 11:12,Saturday,30.49522333,0.829905,Tree Products,N7
5,22/01/2022,8:06:18 am,22/01/2022 08:06,Saturday,30.46506333,0.827435,Tree Products,N10
8,29/12/2021,9:47:12 am,29/12/2021 09:47,Wednesday,30.477145,0.763708333,Tree Products,S10
4,20/02/2022,7:47:01 am,20/02/2022 07:47,Sunday,30.507105,0.781353333,Tree Products,S6
2,03/11/2021,12:49:11 pm,03/11/2021 12:49,Wednesday,30.46575333,0.75692,Tree Products,S13
5,31/10/2021,11:22:30 am,31/10/2021 11:22,Sunday,30.44654833,0.765195,Tree Products,S8
6,09/08/2022,10:26:49 am,09/08/2022 10:26,Tuesday,30.443015,0.821861667,Encroachment,N9
10,26/01/2022,8:45:46 am,26/01/2022 08:45,Wednesday,30.48158,0.839765,Tree Products,N6
14,27/12/2021,8:18:38 am,27/12/2021 08:18,Monday,30.46787167,0.848541667,Encroachment,N3
4,28/01/2022,9:21:13 am,28/01/2022 09:21,Friday,30.44792167,0.814736667,Tree Products,N9
14,17/11/2021,9:31:46 am,17/11/2021 09:31,Wednesday,30.46896833,0.774195,Tree Products,S10
4,26/10/2022,4:25:05 pm,26/10/2022 16:25,Wednesday,30.42234833,0.77612,Tree Products,S1
6,12/01/2022,1:15:16 pm,12/01/2022 13:15,Wednesday,30.45713833,0.762911667,Tree Products,S9
5,28/11/2021,6:10:52 am,28/11/2021 06:10,Sunday,30.48220667,0.852953333,Tree Products,N3
19,31/01/2022,9:40:47 am,31/01/2022 09:40,Monday,30.46397833,0.818883333,Tree Products,N10
3,11/05/2022,6:53:30 am,11/05/2022 06:53,Wednesday,30.47861333,0.858208333,NTFPs,N3
10,19/01/2022,8:28:13 am,19/01/2022 08:28,Wednesday,30.47328,0.845936667,Encroachment,N6
13,15/12/2021,8:41:18 am,15/12/2021 08:41,Wednesday,30.47455667,0.821851667,Tree Products,N11
3,28/02/2022,9:58:45 am,28/02/2022 09:58,Monday,30.43201333,0.771833333,Tree Products,S8
7,11/12/2021,5:45:40 am,11/12/2021 05:45,Saturday,30.47510167,0.84971,Tree Products,N3
4,04/11/2021,11:43:50 am,04/11/2021 11:43,Thursday,30.49419833,0.752561667,Tree Products,S15
9,10/02/2022,9:23:57 am,10/02/2022 09:23,Thursday,30.471115,0.811881667,Tree Products,N11
3,14/03/2022,6:21:42 am,14/03/2022 06:21,Monday,30.43222667,0.769693333,Tree Products,S8
2,10/04/2022,7:13:56 am,10/04/2022 07:13,Sunday,30.50888,0.777103333,Tree Products,S6
12,27/12/2021,8:04:04 am,27/12/2021 08:04,Monday,30.47045833,0.843855,NTFPs,N6
20,21/12/2021,9:57:17 am,21/12/2021 09:57,Tuesday,30.48356833,0.862758333,Tree Products,N3
4,17/02/2022,8:26:58 am,17/02/2022 08:26,Thursday,30.460155,0.841093333,Encroachment,N5
8,11/08/2022,10:44:01 am,11/08/2022 10:44,Thursday,30.51307,0.833096667,Tree Products,N8
2,07/11/2021,9:34:48 am,07/11/2021 09:34,Sunday,30.46276,0.759218333,Tree Products,S9
8,10/02/2022,9:18:08 am,10/02/2022 09:18,Thursday,30.47457833,0.828903333,Tree Products,N11
4,01/02/2022,6:20:10 am,01/02/2022 06:20,Tuesday,30.46996,0.853258333,Tree Products,N3
3,26/10/2022,4:14:55 pm,26/10/2022 16:14,Wednesday,30.4223,0.776193333,Tree Products,S1
3,25/08/2022,8:31:10 am,25/08/2022 08:31,Thursday,30.429575,0.770875,Tree Products,S7
4,04/11/2021,11:43:50 am,04/11/2021 11:43,Thursday,30.49419833,0.752561667,Tree Products,S15
6,14/01/2022,11:19:35 am,14/01/2022 11:19,Friday,30.43756833,0.788636667,Tree Products,S2
2,26/12/2021,7:08:27 am,26/12/2021 07:08,Sunday,30.47492,0.849821667,Encroachment,N3
2,28/01/2022,9:27:13 am,28/01/2022 09:27,Friday,30.44274667,0.765748333,Tree Products,S8
3,30/11/2022,12:11:23 pm,30/11/2022 12:11,Wednesday,30.44673833,0.763985,Encroachment,S8
5,26/06/2023,9:27:04 am,26/06/2023 09:27,Monday,30.451845,0.840511667,Tree Products,N5
6,11/08/2022,10:39:49 am,11/08/2022 10:39,Thursday,30.513175,0.833221667,Tree Products,N8
4,04/11/2021,11:43:50 am,04/11/2021 11:43,Thursday,30.49419833,0.752561667,Tree Products,S15
2,14/11/2021,6:29:27 am,14/11/2021 06:29,Sunday,30.479195,0.853008333,Encroachment,N3
3,03/08/2022,2:58:34 pm,03/08/2022 14:58,Wednesday,30.42885667,0.771226667,Tree Products,S7
4,05/12/2021,6:10:22 am,05/12/2021 06:10,Sunday,30.48176333,0.857233333,Encroachment,N3
2,03/12/2021,12:33:51 pm,03/12/2021 12:33,Friday,30.44976833,0.767558333,Tree Products,S9
4,14/11/2021,7:26:04 am,14/11/2021 07:26,Sunday,30.50030333,0.755461667,Tree Products,S15
8,09/11/2021,9:33:38 am,09/11/2021 09:33,Tuesday,30.42633167,0.773566667,Tree Products,S7
3,18/01/2023,10:36:07 am,18/01/2023 10:36,Wednesday,30.426485,0.77555,Tree Products,S1
6,01/09/2022,11:27:48 am,01/09/2022 11:27,Thursday,30.48101,0.831886667,Tree Products,N6
7,29/01/2022,10:17:18 am,29/01/2022 10:17,Saturday,30.436885,0.796276667,Tree Products,N15
21,15/12/2021,9:37:46 am,15/12/2021 09:37,Wednesday,30.47029833,0.820536667,Tree Products,N11
2,20/01/2022,8:08:58 am,20/01/2022 08:08,Thursday,30.46156333,0.758495,Tree Products,S9
8,26/01/2022,8:36:14 am,26/01/2022 08:36,Wednesday,30.47971667,0.836901667,Tree Products,N6
27,31/01/2022,10:59:57 am,31/01/2022 10:59,Monday,30.46433833,0.822471667,Tree Products,N10
4,25/08/2022,8:37:07 am,25/08/2022 08:37,Thursday,30.42957667,0.771295,Tree Products,S7
2,15/03/2022,8:12:28 am,15/03/2022 08:12,Tuesday,30.479165,0.847236667,Tree Products,N6
2,30/03/2023,9:49:55 am,30/03/2023 09:49,Thursday,30.45502667,0.817763333,Tree Products,N10
3,29/01/2022,10:07:33 am,29/01/2022 10:07,Saturday,30.436075,0.796723333,Tree Products,N15
6,07/02/2022,9:53:58 am,07/02/2022 09:53,Monday,30.43822667,0.772766667,Tree Products,S8
18,21/12/2021,9:49:13 am,21/12/2021 09:49,Tuesday,30.483785,0.862858333,Tree Products,N3
10,24/01/2022,8:13:50 am,24/01/2022 08:13,Monday,30.465115,0.851771667,Encroachment,N2
12,28/01/2022,6:11:31 am,28/01/2022 06:11,Friday,30.467045,0.824546667,Tree Products,N10
10,07/12/2021,8:59:59 am,07/12/2021 08:59,Tuesday,30.48059333,0.85971,Encroachment,N3
2,17/02/2022,8:07:33 am,17/02/2022 08:07,Thursday,30.45777833,0.845771667,Tree Products,N5
9,12/01/2023,11:48:53 am,12/01/2023 11:48,Thursday,30.44577833,0.778895,Tree Products,S2
3,28/12/2021,6:47:51 am,28/12/2021 06:47,Tuesday,30.47576833,0.849636667,Tree Products,N3
4,10/02/2022,7:47:41 am,10/02/2022 07:47,Thursday,30.47155833,0.835521667,Tree Products,N6
2,22/11/2021,6:42:41 am,22/11/2021 06:42,Monday,30.49722167,0.757638333,Tree Products,S11
2,28/10/2021,1:43:33 pm,28/10/2021 13:43,Thursday,30.43431333,0.81713,Tree Products,N9
27,02/11/2021,10:19:21 am,02/11/2021 10:19,Tuesday,30.46096833,0.76102,Tree Products,S9
4,06/12/2021,7:32:22 am,06/12/2021 07:32,Monday,30.476575,0.858976667,Tree Products,N3
5,12/02/2022,7:49:14 am,12/02/2022 07:49,Saturday,30.44832667,0.81466,Tree Products,N9
14,17/11/2021,9:31:46 am,17/11/2021 09:31,Wednesday,30.46896833,0.774195,Tree Products,S10
4,02/12/2022,12:07:56 pm,02/12/2022 12:07,Friday,30.46598833,0.845186667,Tree Products,N5
4,18/03/2022,5:29:25 am,18/03/2022 05:29,Friday,30.46333667,0.761358333,Tree Products,S9
2,13/12/2021,5:44:51 am,13/12/2021 05:44,Monday,30.46608,0.84886,Tree Products,N2
3,14/11/2021,7:20:13 am,14/11/2021 07:20,Sunday,30.49982,0.755888333,Tree Products,S15
2,15/11/2021,9:26:39 am,15/11/2021 09:26,Monday,30.43543667,0.77313,Tree Products,S8
20,02/11/2021,10:05:42 am,02/11/2021 10:05,Tuesday,30.46116667,0.760575,Tree Products,S9
2,10/03/2022,10:00:46 am,10/03/2022 10:00,Thursday,30.42598167,0.7751,Tree Products,S1
2,14/11/2021,6:29:27 am,14/11/2021 06:29,Sunday,30.479195,0.853008333,Tree Products,N3
4,12/01/2022,12:45:09 pm,12/01/2022 12:45,Wednesday,30.45628167,0.766408333,Tree Products,S9
11,28/01/2022,1:51:30 pm,28/01/2022 13:51,Friday,30.42316833,0.785363333,Tree Products,S1
3,12/08/2022,12:08:36 pm,12/08/2022 12:08,Friday,30.44659,0.764308333,Tree Products,S8
2,04/03/2022,5:45:55 am,04/03/2022 05:45,Friday,30.46393333,0.848278333,Tree Products,N2
24,17/11/2021,9:43:22 am,17/11/2021 09:43,Wednesday,30.470125,0.773863333,Tree Products,S10
4,05/01/2022,6:43:32 am,05/01/2022 06:43,Wednesday,30.47762667,0.85813,Encroachment,N3
3,20/09/2022,12:38:52 pm,20/09/2022 12:38,Tuesday,30.42897167,0.771333333,Tree Products,S7
3,24/01/2022,10:11:14 am,24/01/2022 10:11,Monday,30.46299,0.806386667,Tree Products,N16
2,19/02/2022,10:36:03 am,19/02/2022 10:36,Saturday,30.49090333,0.832701667,Tree Products,N7
5,15/11/2022,11:19:48 am,15/11/2022 11:19,Tuesday,30.509395,0.775878333,Tree Products,S6
3,12/01/2022,7:22:23 am,12/01/2022 07:22,Wednesday,30.47891,0.852801667,Encroachment,N3
3,22/02/2022,6:21:29 am,22/02/2022 06:21,Tuesday,30.47495,0.852548333,Tree Products,N3
4,05/08/2022,10:53:51 am,05/08/2022 10:53,Friday,30.45479167,0.824736667,Tree Products,N10
20,20/02/2022,11:35:03 am,20/02/2022 11:35,Sunday,30.506085,0.771688333,Tree Products,S12
4,24/02/2022,8:42:09 am,24/02/2022 08:42,Thursday,30.47953,0.856235,Encroachment,N3
7,12/01/2022,7:57:46 am,12/01/2022 07:57,Wednesday,30.47963167,0.850645,Tree Products,N3
14,02/12/2021,7:50:05 am,02/12/2021 07:50,Thursday,30.48139,0.847496667,Tree Products,N3
4,04/11/2021,11:43:50 am,04/11/2021 11:43,Thursday,30.49419833,0.752561667,Tree Products,S15
3,07/02/2022,7:35:17 am,07/02/2022 07:35,Monday,30.42410833,0.774458333,Tree Products,S7
6,26/12/2021,7:19:45 am,26/12/2021 07:19,Sunday,30.474975,0.847341667,Tree Products,N6
6,05/12/2021,6:15:22 am,05/12/2021 06:15,Sunday,30.481095,0.856696667,Encroachment,N3
3,18/01/2023,3:29:03 pm,18/01/2023 15:29,Wednesday,30.45882333,0.759653333,Tree Products,S9
18,27/12/2021,8:56:57 am,27/12/2021 08:56,Monday,30.47098167,0.855048333,Tree Products,N3
11,28/01/2022,9:59:06 am,28/01/2022 09:59,Friday,30.46943667,0.820288333,Tree Products,N11
5,05/12/2022,1:11:19 pm,05/12/2022 13:11,Monday,30.44637833,0.825596667,Tree Products,N9
8,24/11/2021,9:13:48 am,24/11/2021 09:13,Wednesday,30.47447167,0.855801667,Tree Products,N3
11,12/01/2023,12:11:27 pm,12/01/2023 12:11,Thursday,30.445775,0.777816667,Tree Products,S2
5,25/10/2022,10:22:11 am,25/10/2022 10:22,Tuesday,30.43084,0.770818333,Tree Products,S7
2,06/05/2022,8:50:02 am,06/05/2022 08:50,Friday,30.4694,0.846503333,Encroachment,N6
5,29/11/2021,7:34:48 am,29/11/2021 07:34,Monday,30.47797167,0.834905,Tree Products,N6
8,21/11/2021,9:27:23 am,21/11/2021 09:27,Sunday,30.47790667,0.86094,Tree Products,N3
5,24/11/2021,7:55:26 am,24/11/2021 07:55,Wednesday,30.48901667,0.838888333,Encroachment,N7
2,03/11/2021,12:49:11 pm,03/11/2021 12:49,Wednesday,30.46575333,0.75692,Tree Products,S13
2,28/01/2022,8:58:52 am,28/01/2022 08:58,Friday,30.44723833,0.810701667,Tree Products,N15
6,20/11/2021,7:41:55 am,20/11/2021 07:41,Saturday,30.47066833,0.854965,Tree Products,N3
11,02/02/2022,8:48:28 am,02/02/2022 08:48,Wednesday,30.47889333,0.859765,Tree Products,N3
9,25/11/2021,9:16:50 am,25/11/2021 09:16,Thursday,30.47734667,0.834436667,Encroachment,N6
3,17/01/2022,12:21:29 pm,17/01/2022 12:21,Monday,30.46625833,0.75915,Tree Products,S9
8,10/11/2021,8:35:17 am,10/11/2021 08:35,Wednesday,30.484925,0.834318333,Tree Products,N6
2,09/04/2022,1:40:19 pm,09/04/2022 13:40,Saturday,30.46316167,0.848273333,Tree Products,N2
8,07/03/2022,9:24:48 am,07/03/2022 09:24,Monday,30.45178167,0.836235,Tree Products,N5
8,26/06/2023,9:42:02 am,26/06/2023 09:42,Monday,30.451515,0.840425,Tree Products,N5
12,02/12/2021,7:43:04 am,02/12/2021 07:43,Thursday,30.48003167,0.846368333,Tree Products,N6
4,23/11/2021,6:30:50 am,23/11/2021 06:30,Tuesday,30.47085833,0.855,Tree Products,N3
30,28/01/2022,8:54:10 am,28/01/2022 08:54,Friday,30.472715,0.842688333,Tree Products,N6
3,19/12/2021,7:14:24 am,19/12/2021 07:14,Sunday,30.50587667,0.831951667,Tree Products,N8
8,16/01/2022,8:29:57 am,16/01/2022 08:29,Sunday,30.470845,0.855255,Tree Products,N3
24,31/01/2022,10:31:16 am,31/01/2022 10:31,Monday,30.46059167,0.824171667,Tree Products,N10
6,04/02/2022,8:41:41 am,04/02/2022 08:41,Friday,30.461785,0.76704,Tree Products,S9
8,14/03/2022,7:00:59 am,14/03/2022 07:00,Monday,30.43226,0.773368333,Tree Products,S8
8,22/01/2022,8:16:07 am,22/01/2022 08:16,Saturday,30.46493667,0.828175,Tree Products,N10
11,02/02/2022,8:48:28 am,02/02/2022 08:48,Wednesday,30.47889333,0.859765,Tree Products,N3
4,28/01/2022,9:42:32 am,28/01/2022 09:42,Friday,30.44091833,0.76611,Tree Products,S8
3,29/08/2022,10:10:00 am,29/08/2022 10:10,Monday,30.47783667,0.860408333,Tree Products,N3
6,19/02/2022,11:53:04 am,19/02/2022 11:53,Saturday,30.49508333,0.834713333,Tree Products,N7
35,31/01/2022,11:54:41 am,31/01/2022 11:54,Monday,30.46898167,0.819356667,Tree Products,N11
2,28/10/2021,1:41:35 pm,28/10/2021 13:41,Thursday,30.43391333,0.817085,Tree Products,N9
5,23/11/2021,9:02:19 am,23/11/2021 09:02,Tuesday,30.48790833,0.759288333,Tree Products,S11
2,03/11/2021,12:49:11 pm,03/11/2021 12:49,Wednesday,30.46575333,0.75692,Tree Products,S13
3,15/11/2022,11:16:10 am,15/11/2022 11:16,Tuesday,30.50941,0.776038333,Tree Products,S6
16,13/12/2021,7:43:28 am,13/12/2021 07:43,Monday,30.47249167,0.831228333,Tree Products,N6
30,28/01/2022,8:54:10 am,28/01/2022 08:54,Friday,30.472715,0.842688333,Tree Products,N6
8,07/12/2021,8:56:24 am,07/12/2021 08:56,Tuesday,30.480285,0.859126667,Tree Products,N3
2,28/10/2021,1:41:35 pm,28/10/2021 13:41,Thursday,30.43424167,0.8172,Tree Products,N9
5,23/11/2022,11:45:33 am,23/11/2022 11:45,Wednesday,30.45064833,0.821246667,Encroachment,N10
4,04/03/2022,6:23:41 am,04/03/2022 06:23,Friday,30.46815833,0.848423333,Tree Products,N3
5,31/10/2021,11:22:30 am,31/10/2021 11:22,Sunday,30.44654833,0.765195,Tree Products,S8
3,12/01/2022,7:22:23 am,12/01/2022 07:22,Wednesday,30.47891,0.852801667,Tree Products,N3
3,20/01/2022,8:28:03 am,20/01/2022 08:28,Thursday,30.46332333,0.759003333,Tree Products,S9
8,15/11/2021,8:08:57 am,15/11/2021 08:08,Monday,30.49741,0.75604,Tree Products,S15
4,13/09/2022,11:49:30 am,13/09/2022 11:49,Tuesday,30.43115167,0.772135,Tree Products,S7
8,10/11/2021,8:35:17 am,10/11/2021 08:35,Wednesday,30.484925,0.834318333,Tree Products,N6
10,28/01/2022,6:01:35 am,28/01/2022 06:01,Friday,30.46603167,0.825271667,Tree Products,N10
5,30/08/2022,1:24:02 pm,30/08/2022 13:24,Tuesday,30.471465,0.842953333,Encroachment,N6
5,24/02/2022,8:43:16 am,24/02/2022 08:43,Thursday,30.47953167,0.856243333,Tree Products,N3
9,25/11/2021,9:16:50 am,25/11/2021 09:16,Thursday,30.47734667,0.834436667,Tree Products,N6
2,29/12/2021,8:06:57 am,29/12/2021 08:06,Wednesday,30.47905167,0.752885,Tree Products,S14
2,14/11/2021,6:29:27 am,14/11/2021 06:29,Sunday,30.479195,0.853008333,Tree Products,N3
9,28/12/2021,7:26:09 am,28/12/2021 07:26,Tuesday,30.48149,0.847791667,Encroachment,N3
14,20/02/2022,9:47:10 am,20/02/2022 09:47,Sunday,30.502935,0.778065,Tree Products,S5
3,21/08/2022,10:07:42 am,21/08/2022 10:07,Sunday,30.46876,0.850605,Tree Products,N3
3,27/12/2022,4:09:43 pm,27/12/2022 16:09,Tuesday,30.44959667,0.768598333,Tree Products,S9
4,11/01/2022,9:13:51 am,11/01/2022 09:13,Tuesday,30.48121167,0.75175,Tree Products,S14
3,19/08/2022,4:19:16 pm,19/08/2022 16:19,Friday,30.43768333,0.768295,Tree Products,S8
4,18/03/2022,5:29:25 am,18/03/2022 05:29,Friday,30.46333667,0.761358333,Tree Products,S9
4,26/01/2022,6:37:18 am,26/01/2022 06:37,Wednesday,30.47679167,0.854753333,Tree Products,N3
3,27/11/2021,4:38:40 am,27/11/2021 04:38,Saturday,30.43767167,0.770501667,Tree Products,S8
23,15/12/2021,9:42:08 am,15/12/2021 09:42,Wednesday,30.46941,0.820383333,Tree Products,N11
7,30/03/2023,11:06:23 am,30/03/2023 11:06,Thursday,30.45606833,0.807395,Tree Products,N16
4,03/11/2021,9:00:33 am,03/11/2021 09:00,Wednesday,30.47701167,0.833923333,Tree Products,N6
16,20/12/2021,8:28:27 am,20/12/2021 08:28,Monday,30.51014,0.8326,Tree Products,N8
19,29/11/2021,8:25:25 am,29/11/2021 08:25,Monday,30.46815833,0.847598333,Encroachment,N3
2,28/11/2021,6:00:12 am,28/11/2021 06:00,Sunday,30.48085833,0.854683333,Encroachment,N3
20,13/12/2021,7:57:13 am,13/12/2021 07:57,Monday,30.47245833,0.8334,Tree Products,N6
18,21/12/2021,9:49:13 am,21/12/2021 09:49,Tuesday,30.483785,0.862858333,Encroachment,N3
3,30/08/2022,10:22:53 am,30/08/2022 10:22,Tuesday,30.47356,0.835278333,Encroachment,N6
21,31/10/2021,12:32:50 pm,31/10/2021 12:32,Sunday,30.44811667,0.76439,Tree Products,S8
4,28/01/2022,5:33:12 am,28/01/2022 05:33,Friday,30.465045,0.829211667,Tree Products,N10
2,07/02/2022,7:29:52 am,07/02/2022 07:29,Monday,30.42303167,0.77482,Tree Products,S7
6,12/12/2021,8:36:51 am,12/12/2021 08:36,Sunday,30.51269333,0.830243333,Tree Products,N8
6,07/01/2022,10:45:18 am,07/01/2022 10:45,Friday,30.45675333,0.77306,Tree Products,S9
5,09/08/2022,10:00:17 am,09/08/2022 10:00,Tuesday,30.44499,0.820398333,Encroachment,N9
3,14/03/2022,6:21:42 am,14/03/2022 06:21,Monday,30.43222667,0.769693333,NTFPs,S8
6,05/12/2022,1:12:56 pm,05/12/2022 13:12,Monday,30.44641833,0.825606667,Tree Products,N9
6,24/01/2022,7:23:19 am,24/01/2022 07:23,Monday,30.46321333,0.848215,Tree Products,N2
24,02/11/2021,10:12:30 am,02/11/2021 10:12,Tuesday,30.46141333,0.760521667,Tree Products,S9
9,28/12/2021,7:26:09 am,28/12/2021 07:26,Tuesday,30.48149,0.847791667,Tree Products,N3
2,01/02/2022,6:08:59 am,01/02/2022 06:08,Tuesday,30.46969333,0.854393333,Tree Products,N3
3,18/01/2023,10:43:53 am,18/01/2023 10:43,Wednesday,30.47081667,0.846381667,Tree Products,N6
11,13/01/2022,8:53:48 am,13/01/2022 08:53,Thursday,30.47118667,0.844603333,Tree Products,N6
4,26/10/2022,4:25:05 pm,26/10/2022 16:25,Wednesday,30.42234833,0.77612,Tree Products,S1
11,24/01/2022,9:10:39 am,24/01/2022 09:10,Monday,30.478795,0.858718333,Tree Products,N3
13,28/11/2021,7:14:06 am,28/11/2021 07:14,Sunday,30.47091333,0.844696667,Tree Products,N6
4,24/01/2022,7:18:47 am,24/01/2022 07:18,Monday,30.46350667,0.848143333,Tree Products,N2
3,29/10/2021,8:41:42 am,29/10/2021 08:41,Friday,30.46814833,0.831171667,Tree Products,N6
3,16/11/2022,1:11:50 pm,16/11/2022 13:11,Wednesday,30.51133833,0.799488333,Tree Products,N19
10,29/11/2021,7:59:11 am,29/11/2021 07:59,Monday,30.47390833,0.835138333,Tree Products,N6
6,20/12/2021,6:46:36 am,20/12/2021 06:46,Monday,30.476405,0.858951667,Tree Products,N3
30,17/11/2021,9:51:51 am,17/11/2021 09:51,Wednesday,30.47004333,0.775488333,Tree Products,S4
12,07/12/2021,9:07:08 am,07/12/2021 09:07,Tuesday,30.48124333,0.857885,Tree Products,N3
3,02/03/2022,7:15:00 am,02/03/2022 07:15,Wednesday,30.47086667,0.855018333,Tree Products,N3
10,07/12/2021,8:59:59 am,07/12/2021 08:59,Tuesday,30.48059333,0.85971,Tree Products,N3
5,15/11/2021,8:48:13 am,15/11/2021 08:48,Monday,30.47634167,0.858995,Tree Products,N3
7,10/02/2022,8:52:15 am,10/02/2022 08:52,Thursday,30.470485,0.810625,Tree Products,N17
6,03/01/2022,6:36:58 am,03/01/2022 06:36,Monday,30.46976333,0.848805,Tree Products,N3
6,19/01/2022,10:44:36 am,19/01/2022 10:44,Wednesday,30.50871167,0.776686667,Tree Products,S6
2,06/04/2022,6:47:01 am,06/04/2022 06:47,Wednesday,30.46808667,0.848095,Tree Products,N3
12,02/12/2021,7:43:04 am,02/12/2021 07:43,Thursday,30.48003167,0.846368333,Encroachment,N6
5,14/12/2021,7:44:14 am,14/12/2021 07:44,Tuesday,30.47170667,0.826841667,Tree Products,N11
